10986422004
10986428004
10986422003
10986421007
10986432004
10986432005
10986433002
10986433003
10986421006
10986421005
10986420007
10986420006
10986420005
10986419007
10986419006
10986413006
10986433004
10986433005
10986433006
10986434003
10986434004
10986434005
10986435007
10986441003
10986441004
10986441005
10986441006
10986443004
10986446002
10986413005
10986389006
10986390006
10986390007
10986390008
10986390009
10986391007
10986391008
10986391009
10986392004
10986392005
10986392006
10986396002
10986396003
10986397004
10986397005
10986410002
10986410004
10986410006
10986411003
10986411004
10986411005
10986411006
10986413002
10986413003
10986413004
10986446003
10986474007
10986477002
10986477003
10986477004
10986477005
10986477006
10986478009
10986478010
10986479003
10986479004
10986479005
10986481005
10986481009
10986481011
10986482005
10986482007
10986482009
10986482011
10986483005
10986483007
10986483009
10986483011
10986485001
10986486001
10986487001
10986488001
10986489001
10986490001
10986491005
10986491007
10986491009
10986491011
10986474006
10986446004
10986446005
10986446006
10986456007
10986456008
10986456009
10986457007
10986457008
10986457009
10986457010
10986466007
10986466008
10986466009
10986466010
10986467003
10986467004
10986467005
10986467006
10986467007
10986472002
10986472003
10986472004
10986472005
10986474003
10986474004
10986474005
10986389003
10986345002
10986345003
10986345004
10986345005
10986351003
10986351004
10986352002
10986352004
10986352005
10986352006
10986355003
10986355004
10986355005
10986356002
10986356004
10986356005
10986364003
10986364004
10986364005
10986364006
10986364007
10986365003
10986327002
10986327003
10986327005
10986327006
10986327021
10986327023
10986327024
10986327026
10986329010
10986329011
10986329012
10986329013
10986329014
10986329015
10986329016
10986331006
10986331007
10986331008
10986331009
10986331010
10986331011
10986331012
10986365004
10986376008
10986376009
10986376010
10986377003
10986377004
10986377005
10986377006
10986377007
10986378003
10986378004
10986378007
10986380003
10986380004
10986380005
10986380006
10986382003
10986382004
10986382005
10986382006
10986382007
10986383003
10986384004
10986384006
10986384007
10986385005
10986385006
10986385007
10986376007
10986365005
10986365006
10986366007
10986366008
10986366009
10986366010
10986368002
10986368003
10986368004
10986368005
10986368006
10986369003
10986369004
10986369006
10986370002
10986370003
10986370004
10986370005
10986370006
10986371002
10986371003
10986371004
10986371005
10986371006
10986373007
10986373008
10986373009
10986373010
10986492002
10986672011
10986672013
10986672009
10986672007
10986674004
10986674005
10986675005
10986675006
10986672005
10986668008
10986668007
10986668006
10986668005
10986668004
10986663006
10986663005
10986675007
10986675008
10986676001
10986678004
10986678005
10986678006
10986679005
10986680001
10986682001
10986752003
10986752004
10986752005
10986752006
10986753003
10986753004
10986754003
10986663004
10986572003
10986572004
10986572005
10986572006
10986573003
10986573004
10986573005
10986573006
10986577002
10986577003
10986577004
10986577005
10986577006
10986577007
10986577008
10986588001
10986588002
10986589002
10986660004
10986660005
10986661004
10986661005
10986661006
10986662002
10986662003
10986754004
10986764004
10986764005
10986764006
10986764007
10986765003
10986765004
10986765005
10986765006
10986766003
10986766004
10986766005
10986766006
10986767003
10986767004
10986767005
10986767006
10986767007
10986768003
10986768004
10986768005
10986768006
10986768007
10986769003
10986769004
10986769005
10986769006
10986769007
10986770003
10986770004
10986770005
10986770006
10986771003
10986763005
10986754005
10986754006
10986755003
10986755004
10986755005
10986755006
10986756003
10986756004
10986756005
10986757003
10986757004
10986757005
10986757006
10986758003
10986758004
10986758005
10986759003
10986759004
10986759005
10986759006
10986760003
10986760004
10986760005
10986761003
10986761004
10986761005
10986761006
10986762004
10986762005
10986762006
10986763004
10986519004
10986519005
10986519006
10986520003
10986520004
10986520005
10986520006
10986521003
10986521004
10986521005
10986521006
10986522003
10986522004
10986522005
10986522006
10986524003
10986524004
10986524005
10986524006
10986526003
10986526004
10986526005
10986526006
10986531005
10986532005
10986533003
10986519003
10986492003
10986492004
10986492005
10986493002
10986493003
10986493004
10986493005
10986494002
10986494003
10986494004
10986494005
10986495002
10986495003
10986495004
10986495005
10986496002
10986496003
10986496004
10986496005
10986497002
10986497003
10986497004
10986497005
10986501001
10986501002
10986516002
10986516003
10986516004
10986516005
10986516006
10986516007
10986516008
10986533004
10986541005
10986543003
10986543004
10986543005
10986543006
10986544003
10986544004
10986544005
10986544006
10986545003
10986545004
10986545005
10986545006
10986547005
10986547006
10986547007
10986547008
10986548006
10986548007
10986548008
10986550005
10986550006
10986550007
10986550008
10986551005
10986551006
10986551007
10986551008
10986541004
10986533005
10986533006
10986534003
10986534004
10986534005
10986534006
10986535002
10986535003
10986535004
10986535005
10986536005
10986536006
10986536007
10986536008
10986537002
10986537003
10986537004
10986537005
10986538005
10986538006
10986538007
10986538008
10986539002
10986539003
10986539004
10986539005
10986540002
10986540003
10986540004
10986540005
10986541002
10986541003
10985750005
10985750006
10985750003
10985750002
10985750007
10985750008
10985750009
10985750010
10985736004
10985736003
10985736002
10985736001
10985750011
10985750020
10985750021
10985750023
10985750024
10985750026
10985752014
10985752015
10985752016
10985752017
10985752018
10985752019
10985752020
10985752021
10985752022
10986222003
10985735005
10985668014
10985668015
10985668016
10985668017
10985668018
10985668019
10985668020
10985668021
10985668023
10985727002
10985727003
10985727004
10985728001
10985728002
10985728003
10985728004
10985728005
10985731002
10985731004
10985732001
10985732002
10985732003
10985732004
10985732005
10985733005
10985733006
10985733007
10985733008
10985733009
10985735001
10985735002
10985735003
10986222004
10986233022
10986235010
10986235011
10986235012
10986235013
10986235014
10986235015
10986235016
10986243014
10986243015
10986243016
10986243017
10986243018
10986243019
10986243020
10986243021
10986243022
10986248010
10986248011
10986248012
10986248013
10986248014
10986248015
10986248016
10986249010
10986233021
10986222005
10986222006
10986223001
10986224001
10986228003
10986228004
10986228005
10986229003
10986229004
10986229005
10986229006
10986231003
10986231004
10986231005
10986231006
10986232014
10986232015
10986232016
10986232017
10986232018
10986232019
10986232020
10986232021
10986232022
10986233014
10986233015
10986233016
10986233017
10986233018
10986233019
10986233020
10985668013
10983640005
10983641003
10983641004
10983641005
10983641007
10983643002
10983643003
10983643004
10983643005
10983643006
10983644003
10983644004
10983644005
10983646003
10983647003
10983647004
10983647005
10983683001
10983686003
10983687005
10983690001
10983691001
10983697001
10983699001
10983705017
10983705021
10983710002
10983710004
10983710005
10983710006
10983845004
10983846004
10983640004
10983633014
10983633015
10983633016
10983633017
10983633018
10983633019
10983633020
10983633021
10983633022
10983634017
10983635002
10983635003
10983635005
10983635020
10983635021
10983635023
10983635024
10983635026
10983636014
10983636015
10983636016
10983636017
10983636018
10983636019
10983636020
10983636022
10983637009
10983639003
10983639004
10983639005
10983639006
10983640003
10983847004
10984535002
10984535004
10984547002
10984547004
10984548001
10984549001
10984556002
10984556004
10984557001
10984560001
10984561002
10984561004
10984586001
10984587001
10984590001
10984591001
10984592001
10984595001
10984596001
10984598001
10984600001
10984601001
10984602001
10984603001
10984605001
10984606001
10984608001
10985668008
10985668009
10985668010
10985668011
10985668012
10984534001
10983877001
10983878001
10983879001
10983880001
10983881001
10983883001
10983884001
10983900001
10983900002
10983900003
10983900004
10983901001
10983901002
10983901003
10983901004
10983901005
10983901006
10983902001
10983902002
10983902003
10983902004
10983903001
10983903002
10983903003
10983903004
10983903005
10983903006
10984518001
10984528001
10984530001
10984532001
10984533001
10986249011
10986302017
10986302018
10986302016
10986302015
10986302019
10986302020
10986302021
10986302022
10986301022
10986301021
10986301020
10986301019
10986301018
10986301017
10986301016
10986301015
10986303002
10986303003
10986303005
10986303020
10986303021
10986303023
10986303024
10986303026
10986306014
10986306015
10986306016
10986306017
10986306018
10986306019
10986306020
10986306021
10986289022
10986281021
10986281023
10986281024
10986281026
10986282002
10986282003
10986282005
10986282020
10986282021
10986282023
10986282024
10986282026
10986285015
10986285016
10986285017
10986285018
10986287014
10986287016
10986287018
10986287020
10986287022
10986288014
10986288015
10986288016
10986288017
10986288018
10986288019
10986288020
10986288021
10986288022
10986306022
10986315017
10986315018
10986315019
10986315020
10986315021
10986315022
10986316002
10986316003
10986316005
10986316021
10986316023
10986316026
10986317003
10986317020
10986317023
10986319019
10986321013
10986321014
10986321016
10986321017
10986323022
10986325015
10986325016
10986325017
10986325018
10986325019
10986325020
10986325021
10986325022
10986315016
10986310015
10986310016
10986310017
10986310018
10986310019
10986310020
10986311002
10986311003
10986311005
10986311020
10986311021
10986311023
10986311024
10986312014
10986312015
10986312016
10986312017
10986312018
10986312019
10986312020
10986312021
10986312022
10986314014
10986314015
10986314016
10986314017
10986314018
10986314019
10986314020
10986314021
10986314022
10986315014
10986281020
10986257019
10986257020
10986257021
10986258016
10986258017
10986258018
10986258019
10986258020
10986258021
10986258022
10986266006
10986266007
10986266008
10986266009
10986266010
10986266011
10986266012
10986268010
10986268011
10986268012
10986268013
10986268014
10986268015
10986268016
10986269014
10986269015
10986257018
10986249012
10986249013
10986249014
10986249015
10986249016
10986250015
10986250019
10986250022
10986250024
10986251015
10986251016
10986251017
10986251018
10986251019
10986251020
10986251021
10986251022
10986251023
10986251024
10986252010
10986252011
10986252012
10986252013
10986252014
10986252015
10986256018
10986256020
10986256022
10986256023
10986257015
10986257016
10986257017
10986269016
10986275014
10986275015
10986276015
10986276016
10986276017
10986276018
10986276019
10986276020
10986276021
10986276022
10986276023
10986276024
10986277014
10986277015
10986277016
10986277017
10986277018
10986277019
10986277020
10986277021
10986277022
10986280015
10986280016
10986280017
10986280018
10986280019
10986280020
10986280021
10986280022
10986281002
10986281003
10986281005
10986275013
10986269017
10986269018
10986269019
10986269020
10986269021
10986269022
10986270020
10986271002
10986271003
10986271005
10986271020
10986271021
10986271023
10986271024
10986271026
10986272014
10986272015
10986272016
10986272017
10986272018
10986272019
10986272020
10986272021
10986272022
10986275010
10986275011
10986275012
10986771004
10990760011
10990760012
10990760010
10990759018
10990760013
10990760014
10990760015
10990760016
10990759017
10990759016
10990759015
10990759014
10990759013
10990759012
10990759011
10990759010
10990760017
10990760018
10990773013
10990773014
10990773015
10990773016
10990773017
10990773018
10990773019
10990773020
10990773021
10990773022
10990773023
10990754018
10990750004
10990750005
10990750006
10990752013
10990752014
10990752015
10990752016
10990752017
10990752018
10990752019
10990752020
10990752021
10990752022
10990752023
10990753013
10990753014
10990753015
10990753016
10990753017
10990753018
10990753020
10990753021
10990753022
10990753023
10990754010
10990754011
10990754012
10990754013
10990754014
10990754015
10990754016
10990754017
10990800010
10990800011
10990800012
10990800013
10990800014
10990800015
10990800016
10990800017
10990800018
10990801010
10990801011
10990801012
10990801013
10990801014
10990801015
10990801016
10990801017
10990801018
10990804014
10990804015
10990804016
10990804017
10990804018
10990804019
10990804020
10990804021
10990804022
10990804023
10990804024
10990804025
10990808014
10990783011
10990776013
10990776014
10990776015
10990776016
10990776017
10990776018
10990776019
10990776020
10990776023
10990779013
10990779014
10990779015
10990779016
10990779017
10990779018
10990779019
10990779020
10990779021
10990779023
10990783001
10990783002
10990783004
10990783005
10990783006
10990783007
10990783008
10990783009
10990783010
10990750003
10990701013
10990701014
10990701015
10990701016
10990701017
10990701018
10990709013
10990709015
10990709016
10990709017
10990709018
10990709019
10990709020
10990709021
10990709022
10990709023
10990710010
10990710011
10990710012
10990710013
10990710014
10990710015
10990710016
10990710017
10990710018
10990710019
10990710020
10990716002
10990716004
10990716006
10990716008
10990701012
10990661013
10990661014
10990661015
10990661016
10990661017
10990661018
10990661019
10990661020
10990661021
10990661023
10990663013
10990663014
10990663015
10990663016
10990663017
10990663018
10990663019
10990663020
10990663021
10990663022
10990663023
10990674002
10990674003
10990674004
10990674005
10990687004
10990701010
10990701011
10990725003
10990744020
10990744021
10990744022
10990744023
10990744024
10990744025
10990747015
10990747016
10990747017
10990747018
10990747019
10990747020
10990747021
10990747022
10990747024
10990747025
10990748011
10990748012
10990748013
10990748014
10990748015
10990748016
10990748017
10990748018
10990748019
10990749002
10990749003
10990749004
10990749005
10990749006
10990750002
10990744019
10990725004
10990725005
10990725006
10990726002
10990726003
10990726005
10990726006
10990737011
10990737012
10990737013
10990737014
10990737015
10990737016
10990737017
10990737018
10990743014
10990743015
10990743016
10990743017
10990743018
10990743019
10990743020
10990743021
10990743022
10990743023
10990743024
10990743025
10990744014
10990744015
10990744016
10990744017
10990744018
10990808015
10990907009
10990907010
10990907008
10990907007
10990907011
10990908013
10990908014
10990908015
10990907006
10990907005
10990907004
10990907002
10990907001
10990902011
10990902009
10990902008
10990908016
10990908017
10990908018
10990908019
10990908020
10990908021
10990908022
10990908023
10990911013
10990911014
10990911015
10990911016
10990911017
10990911018
10990911019
10990911020
10990902007
10990895023
10990899006
10990899007
10990899008
10990899009
10990899010
10990899011
10990900001
10990900002
10990900004
10990900005
10990900006
10990900007
10990900008
10990900009
10990900010
10990900011
10990901001
10990901002
10990901004
10990901005
10990901006
10990901007
10990901008
10990901009
10990901010
10990901011
10990902001
10990902002
10990902003
10990902004
10990902005
10990920014
10990920015
10990920016
10990920017
10990920018
10990920019
10990920020
10990920021
10990920023
10990946013
10990946014
10990946015
10990946016
10990946017
10990946018
10990946019
10990946020
10990946021
10990946023
10990920013
10990911023
10990916013
10990916014
10990916015
10990916016
10990916017
10990916018
10990916019
10990916020
10990916021
10990916022
10990916023
10990918013
10990918014
10990918015
10990918016
10990918017
10990918018
10990918019
10990918020
10990918021
10990918023
10990895022
10990825006
10990825008
10990844002
10990844003
10990844004
10990844005
10990848010
10990848011
10990848012
10990848013
10990848014
10990848015
10990848016
10990825004
10990808016
10990808017
10990808018
10990808019
10990808020
10990808021
10990808022
10990808023
10990808024
10990808025
10990814002
10990814003
10990814004
10990814005
10990820002
10990820003
10990820004
10990820005
10990820006
10990822002
10990822003
10990822004
10990822005
10990824002
10990824004
10990824006
10990824008
10990825002
10990848017
10990877002
10990877003
10990877004
10990877005
10990877006
10990893013
10990893014
10990893015
10990893016
10990893017
10990893018
10990893019
10990893020
10990893021
10990893022
10990893023
10990895013
10990895014
10990895015
10990895016
10990895017
10990895018
10990895019
10990895020
10990895021
10990848018
10990848019
10990848020
10990849013
10990849014
10990849015
10990849016
10990849017
10990849018
10990849019
10990849020
10990849021
10990849022
10990849023
10990857010
10990857011
10990857012
10990857013
10990857014
10990857015
10990857016
10990857017
10990857018
10987337002
10987337003
10987337001
10987326001
10987339002
10987339003
10987339004
10987339005
10987320004
10987320002
10987319003
10987319002
10987319001
10987318003
10987318002
10987318001
10987340002
10987340003
10987340004
10987340005
10987341001
10987343002
10987343003
10987343004
10987343005
10987344002
10987344003
10987344004
10987344005
10987345002
10987345003
10987345004
10987308001
10987153006
10987155005
10987155006
10987156006
10987159011
10987159017
10987159023
10987159029
10987160006
10987160007
10987161005
10987161006
10987161007
10987161008
10987162006
10987162007
10987163005
10987163006
10987163007
10987163008
10987164005
10987164006
10987164007
10987164008
10987165003
10987165004
10987299001
10987303001
10987304001
10987305001
10987306001
10987307001
10987345005
10987371004
10987371005
10987372002
10987372003
10987372004
10987373002
10987373003
10987373004
10987374001
10987374002
10987374003
10987374004
10987375001
10987375002
10987375003
10987378001
10987378002
10987378003
10987379001
10987379002
10987379003
10987379004
10987388001
10987392007
10987392008
10987392009
10987392010
10987392011
10987397014
10987397015
10987397016
10987397017
10987371003
10987347001
10987347002
10987347003
10987347004
10987348001
10987348002
10987348003
10987348004
10987352002
10987352003
10987352004
10987361002
10987361003
10987361004
10987361005
10987362002
10987362003
10987362004
10987362005
10987368002
10987368003
10987368004
10987368005
10987369002
10987369003
10987369004
10987369005
10987370002
10987370003
10987370004
10987370005
10987371002
10987153005
10986780002
10986780003
10986780004
10986780005
10986781002
10986781003
10986781004
10986781005
10986782002
10986782003
10986782004
10986782005
10986783002
10986783003
10986783004
10986783005
10986784002
10986784003
10986784004
10986784005
10986811003
10986812001
10986813001
10986814001
10986815001
10986840001
10986841001
10986844001
10986845001
10986848001
10986849001
10986850001
10986779004
10986771005
10986771006
10986771007
10986772003
10986772004
10986772005
10986772006
10986773002
10986773003
10986773004
10986773005
10986774002
10986774003
10986774004
10986775002
10986775003
10986775004
10986775005
10986776002
10986776003
10986776004
10986777002
10986777003
10986777004
10986777005
10986778002
10986778003
10986778004
10986778005
10986779002
10986779003
10986851001
10987139005
10987139006
10987139007
10987140004
10987140006
10987140007
10987141003
10987141004
10987141005
10987141006
10987143002
10987143003
10987143004
10987143005
10987143006
10987144002
10987144004
10987144005
10987145002
10987145003
10987145004
10987145005
10987145006
10987149002
10987149005
10987149006
10987149007
10987152002
10987152003
10987152004
10987152005
10987153003
10987139004
10986852001
10986853001
10986854001
10986855001
10987129015
10987129016
10987129017
10987129018
10987129019
10987129020
10987129021
10987133003
10987133004
10987133005
10987134004
10987134005
10987134006
10987135003
10987135004
10987135005
10987135006
10987136005
10987136006
10987137003
10987137004
10987137005
10987137006
10987138006
10987397018
10990535002
10990535004
10990526025
10990526024
10990535006
10990535008
10990535010
10990547006
10990526023
10990526022
10990526021
10990526020
10990526019
10990526018
10990526017
10990526016
10990547007
10990547008
10990547009
10990547010
10990547011
10990547012
10990547013
10990562001
10990567001
10990569001
10990591010
10990591011
10990591012
10990591013
10990591014
10990591015
10990526015
10990511017
10990511018
10990511019
10990511020
10990511021
10990511022
10990511023
10990511025
10990522002
10990522003
10990522004
10990522005
10990524013
10990524014
10990524015
10990524016
10990524017
10990524018
10990524019
10990524020
10990524021
10990524023
10990525013
10990525014
10990525015
10990525016
10990525017
10990525018
10990525019
10990525021
10990525023
10990526014
10990591016
10990654016
10990654017
10990654018
10990654019
10990654020
10990654021
10990654022
10990654023
10990654024
10990659014
10990659015
10990659016
10990659017
10990659018
10990659019
10990659020
10990659021
10990659022
10990659023
10990659024
10990659025
10990654015
10990591017
10990591018
10990617004
10990619004
10990630002
10990630003
10990630004
10990630005
10990640011
10990640013
10990640014
10990640015
10990640017
10990640018
10990640019
10990641011
10990641012
10990641013
10990641014
10990641015
10990641016
10990641017
10990641018
10990641019
10990645001
10990654014
10990511016
10987418019
10987429001
10987429006
10987429021
10987429025
10987437016
10987437017
10987437018
10987437019
10987437022
10987443013
10987452003
10987452004
10987452005
10987452006
10987453002
10987453003
10987453005
10987453006
10987458003
10987458004
10987458005
10987458006
10987751002
10987751003
10987751005
10987751020
10987418018
10987397019
10987397020
10987399014
10987399015
10987399017
10987399018
10987399019
10987399022
10987411010
10987411011
10987411014
10987411015
10987411017
10987414009
10987414010
10987414011
10987415010
10987415011
10987415012
10987415013
10987415014
10987415016
10987415017
10987416010
10987416012
10987416013
10987416014
10987416015
10987418014
10987418015
10987418016
10987418017
10987751021
10987796006
10987797004
10987797005
10987798005
10987799005
10987799007
10987800004
10987800005
10987800006
10987801003
10987801004
10987801005
10987804004
10987804005
10987806003
10987806004
10987808004
10987808005
10987808006
10987808007
10987808008
10990506004
10990506005
10990506006
10990506007
10990506008
10990511014
10990511015
10987796005
10987751023
10987751024
10987751026
10987782006
10987782007
10987782008
10987784015
10987784016
10987786015
10987788014
10987788015
10987788016
10987788017
10987788018
10987789014
10987789015
10987789016
10987789018
10987790012
10987790013
10987790014
10987790015
10987790016
10987790017
10987795002
10987795003
10987795004
10987795005
10987795006
10987796002
10987796003
10987796004
10974178002
10974178003
10974177005
10974177004
10974178004
10974178005
10974180002
10974180003
10974177003
10974177002
10974176005
10974176004
10974176003
10974176002
10974175004
10974175003
10974180004
10974180005
10974182002
10974182003
10974182004
10974182005
10974185002
10974185003
10974185004
10974185005
10974201002
10974201003
10974201004
10974201005
10974202002
10974175002
10974074002
10974074003
10974074004
10974087001
10974087002
10974087003
10974087004
10974088002
10974088003
10974088004
10974088005
10974123003
10974123004
10974123005
10974152002
10974152003
10974152004
10974152005
10974162002
10974162003
10974162004
10974167002
10974167003
10974167004
10974167005
10974202003
10974239003
10974239004
10974239005
10974268002
10974269002
10974274005
10974288001
10974288002
10974288003
10974288004
10974296002
10974296003
10974296004
10974296005
10974297001
10974297002
10974297003
10974297004
10974325002
10974325003
10974325004
10974325005
10974326001
10974326002
10974326003
10974326004
10974239002
10974202004
10974202005
10974202006
10974209002
10974209004
10974212002
10974212003
10974212004
10974212005
10974216002
10974216003
10974216004
10974216005
10974219002
10974219003
10974219004
10974219005
10974235002
10974235003
10974235004
10974235005
10974236002
10974236003
10974236004
10974236005
10974074001
10974024013
10974024014
10974024016
10974024017
10974071001
10974071002
10974071003
10974071004
10974024018
10974024019
10974024020
10974024021
10974024023
10974026013
10974026014
10974026015
10974026016
10974026017
10974026018
10974026019
10974026020
10974026021
10974026023
10974326005
10974645001
10974646001
10974644001
10974640001
10974647001
10974648001
10974649001
10974651001
10974637001
10974635001
10974634001
10974538011
10974538010
10974538009
10974538008
10974538007
10974766001
10974786001
10974787001
10974797001
10974800001
10974802001
10974810007
10974811003
10974823003
10974824002
10974824003
10974824004
10974824005
10974825002
10974825003
10974825004
10974516004
10974516003
10974826003
10975002004
10975002005
10975009002
10975009003
10975009004
10975009005
10975030004
10975031004
10975035002
10975035003
10975035004
10975042001
10975047002
10975047003
10975047004
10975047005
10975049002
10975049003
10975049004
10975049005
10975057001
10975065004
10975065005
10975065006
10975066003
10975066004
10975066005
10975066006
10975002003
10974827003
10974829003
10974832002
10974832003
10974832004
10974832005
10974833002
10974833003
10974833004
10974833005
10974833006
10974834003
10974834004
10974971005
10974976015
10974976016
10974976017
10974976022
10974993001
10974993004
10974993006
10974993021
10974993023
10974993024
10974993025
10975001001
10975001006
10975001021
10975001023
10975001024
10975002002
10974378004
10974378005
10974379002
10974379003
10974379004
10974379005
10974401011
10974401012
10974401013
10974401014
10974401015
10974401016
10974401017
10974401018
10974378003
10974327002
10974327003
10974327004
10974332002
10974332003
10974332004
10974332005
10974333002
10974333003
10974333004
10974333005
10974343003
10974347002
10974349002
10974372002
10974372003
10974372004
10974372005
10974378002
10974447004
10974447005
10973785013
10973785014
10973785015
10973785016
10973785017
10973785018
10973785019
10973785020
10973785021
10973785023
10973768014
10973768015
10973768016
10973768017
10973768018
10973768019
10973768020
10973768021
10973771013
10973771014
10973771015
10973771016
10973771017
10973771018
10973771019
10973771020
10973771021
10973771023
10973795015
10973795016
10973795017
10973795018
10973795019
10973795020
10973795021
10973795023
10973768013
10973667010
10973667011
10973667012
10973667013
10973667014
10973667015
10973667016
10973667017
10973667018
10973695002
10973695004
10973716003
10973716005
10973727013
10973727014
10973727015
10973727016
10973727017
10973727018
10973727019
10973727020
10973727021
10973727023
10973728010
10973728011
10973728012
10973728015
10973728016
10973738013
10973738014
10973666020
10973645016
10973645017
10973645023
10973665013
10973665014
10973665015
10973665016
10973665017
10973665018
10973665019
10973665021
10973666013
10973666014
10973666015
10973666016
10973666017
10973666018
10973666019
10973738015
10973761017
10973761018
10973761019
10973761020
10973765010
10973765011
10973765012
10973765013
10973765014
10973765015
10973765016
10973765017
10973765018
10973761016
10973738016
10973738017
10973738018
10973738019
10973738020
10973751013
10973751014
10973751015
10973751016
10973751017
10973751018
10973751019
10973751020
10973761015
10973938013
10973938014
10973938012
10973938011
10973938015
10973938016
10973938017
10973938018
10973933023
10973933021
10973933019
10973933016
10973922010
10973922011
10973922012
10973922013
10973922014
10973922015
10973922016
10973922017
10973922018
10973923010
10973923011
10973923012
10973923013
10973923014
10973923015
10973923016
10973923017
10973923018
10973924013
10973924014
10973924016
10973924017
10973924018
10973924019
10973968002
10973968003
10973968004
10973968005
10973974011
10973974012
10973974013
10973974014
10973974015
10973974016
10973977013
10973977014
10973977015
10973977016
10973977017
10973977018
10973977019
10973977020
10973977021
10973977023
10973943013
10973943014
10973943015
10973943016
10973943017
10973943018
10973943019
10973943020
10973943023
10973944015
10973944016
10973944017
10973944018
10973944019
10973944020
10973946013
10973946014
10973946015
10973946016
10973946017
10973946018
10973946019
10973946020
10973946021
10973946023
10973947016
10973947017
10973947018
10973947019
10973947020
10973947021
10973817007
10973817008
10973824015
10973824017
10973824018
10973830015
10973830017
10973817006
10973798014
10973798016
10973798017
10973798018
10973798019
10973798020
10973850013
10973850015
10973850016
10973851013
10973851014
10973851016
10973851017
10973851018
10973851019
10973851023
10973853013
10973853015
10973853016
10973853017
10973853018
10973853019
10973853021
10973853023
10973850012
10973832021
10973832022
10973847013
10973847014
10973847016
10973847018
10973849010
10973849011
10973849012
10973849013
10973849014
10973849015
10973849016
10973849017
10973849018
10973850010
10975067003
10980783002
10980783003
10980783001
10980780005
10980783004
10980785002
10980785003
10980785004
10980780004
10980780003
10980780002
10980778005
10980778004
10980778003
10980778002
10980773004
10980785005
10980786003
10980786004
10980786005
10980790002
10980790003
10980790004
10980790005
10980791002
10980791003
10980791004
10980791005
10980794003
10980794005
10980806002
10980806003
10980773003
10980747001
10980747002
10980747003
10980747004
10980748001
10980748002
10980748003
10980749001
10980749002
10980750001
10980750002
10980751001
10980751002
10980752001
10980753001
10980755001
10980756001
10980758001
10980759001
10980760001
10980761001
10980762001
10980763001
10980764001
10980765001
10980766001
10980770002
10980770003
10980770004
10980770005
10980773001
10980773002
10980806004
10981068001
10981069001
10981070001
10981071001
10981072001
10981073001
10981074001
10981075001
10981076001
10981077001
10981078001
10981079001
10981080001
10981081001
10981082001
10981083001
10981084001
10981358003
10981359002
10981359003
10981359004
10981360003
10981360004
10981361002
10981361003
10981361004
10981362002
10981362003
10981362004
10981465014
10981465016
10981465017
10981067001
10980806005
10980810002
10980810003
10980810004
10980810005
10980810006
10980815001
10980815002
10980815003
10980815004
10980825002
10980825003
10980825004
10980825005
10980829001
10980829002
10980829003
10980829004
10980887003
10980890002
10981053001
10981054001
10981056001
10981059001
10981060001
10981061001
10981064001
10980746004
10980319016
10980319017
10980319018
10980319019
10980319020
10980319021
10980319023
10980325002
10980325003
10980325004
10980325005
10980334003
10980336003
10980684014
10980684016
10980687013
10980687014
10980319015
10980202001
10980202002
10980202003
10980202004
10980203001
10980203002
10980203003
10980203004
10980214001
10980229003
10980234002
10980234003
10980234004
10980234005
10980236002
10980236003
10980236004
10980236005
10980279003
10980280003
10980319013
10980319014
10980687015
10980712004
10980718001
10980718002
10980718003
10980718004
10980724001
10980724002
10980724003
10980724004
10980728002
10980728003
10980728004
10980728005
10980731002
10980731003
10980731004
10980731005
10980733003
10980733004
10980733005
10980734005
10980742002
10980742003
10980742004
10980743002
10980744001
10980744002
10980744003
10980744004
10980745003
10980746002
10980746003
10980712003
10980687016
10980687017
10980690015
10980690017
10980690018
10980690020
10980690021
10980690023
10980692017
10980693019
10980693020
10980695013
10980697017
10980697018
10980697019
10980697020
10980697021
10980697023
10980699003
10980699004
10980700003
10980700004
10980700005
10980701002
10980701005
10980702003
10980703003
10980703004
10980704004
10980711003
10980711004
10981465018
10982822003
10982822004
10982822002
10982821005
10982822005
10982822006
10983069001
10983079001
10982821004
10982820006
10982820004
10982819001
10982818006
10982818005
10982818003
10982818002
10983080001
10983086001
10983090001
10983091001
10983092001
10983094001
10983095001
10983098001
10983099001
10983144002
10983144004
10983144005
10983144006
10983145002
10983145004
10982816003
10982735003
10982740001
10982740002
10982740003
10982740004
10982742005
10982743004
10982759001
10982805014
10982805015
10982805016
10982805017
10982805018
10982805019
10982805020
10982806014
10982806015
10982806016
10982806017
10982806018
10982806019
10982806022
10982808001
10982808021
10982808023
10982809013
10982811013
10982815003
10983374005
10983375004
10983376003
10983376004
10983377004
10983377005
10983378003
10983378004
10983378005
10983379004
10983379005
10983380004
10983380005
10983472001
10983552002
10983552004
10983552005
10983552006
10983629001
10983630003
10983630004
10983630005
10983631014
10983631015
10983631016
10983631017
10983631018
10983631019
10983631020
10983631021
10983631022
10983632012
10983374004
10983303013
10983303014
10983303015
10983303016
10983303017
10983303018
10983303019
10983303020
10983303021
10983303023
10983308002
10983308003
10983308004
10983308005
10983309002
10983309004
10983309005
10983348003
10983352004
10983355002
10983355003
10983355004
10983363006
10983365004
10983365005
10983366003
10983366004
10983368005
10983369004
10983369005
10983373005
10983373007
10981760001
10981761001
10981762001
10981765001
10981766001
10981769001
10981770001
10981773001
10981775001
10981776001
10981782001
10981783001
10981784001
10981785001
10981787001
10981789001
10981790001
10981791001
10981798001
10981799001
10981803001
10981807001
10982415001
10982419001
10982529001
10982530001
10982531001
10982532001
10982533001
10982537001
10982539001
10982544001
10981759001
10981465020
10981466015
10981466016
10981466018
10981466020
10981466021
10981466022
10981470015
10981470016
10981470017
10981470018
10981470019
10981470020
10981470022
10981470023
10981483001
10981525001
10981564001
10981574001
10981580001
10981742001
10981743001
10981747001
10981748001
10981750001
10981751001
10981753001
10981754001
10981755001
10981756001
10982545001
10982699003
10982699004
10982699005
10982699006
10982700003
10982700004
10982700005
10982700006
10982703003
10982703004
10982703005
10982703006
10982704003
10982704004
10982704005
10982704006
10982724001
10982724002
10982724003
10982726005
10982730002
10982730003
10982730004
10982730005
10982731003
10982731004
10982731005
10982733002
10982733004
10982733005
10982692001
10982547001
10982548001
10982552001
10982553001
10982554001
10982555001
10982557001
10982558001
10982560001
10982561001
10982563001
10982564001
10982565001
10982566001
10982660002
10982663002
10982663003
10982664003
10982664004
10982667004
10982667005
10982669002
10982669003
10982669004
10982670003
10982670004
10982670005
10982674003
10982676001
10982686001
10982688001
10980195005
10979894003
10979898001
10979869001
10979851024
10979898002
10979898003
10979898004
10979851022
10979851020
10979851002
10977092004
10977092003
10977092002
10977087005
10977087004
10975828015
10975828017
10975828018
10975828019
10975828022
10975938010
10975938011
10975938012
10975938013
10975938014
10975938015
10975938016
10975938017
10976063014
10976063015
10976063016
10976063017
10976063018
10976063019
10976063020
10976066014
10976066015
10976066017
10976066018
10976066019
10976066020
10977084002
10977084003
10977084004
10977084005
10977087002
10977087003
10979917007
10979917008
10979917009
10979917010
10979917011
10979924007
10979924008
10979924009
10979924010
10979924011
10979924012
10979915011
10979915006
10979915007
10979915008
10979915009
10979915010
10975828014
10975482017
10975482018
10975482019
10975482022
10975489015
10975489016
10975489017
10975489018
10975489019
10975489022
10975490014
10975490016
10975490019
10975490020
10975490022
10975491007
10975491008
10975491009
10975491010
10975491011
10975493007
10975493008
10975493010
10975493011
10975511014
10975511015
10975511016
10975511017
10975511018
10975511019
10975482016
10975067004
10975067005
10975067006
10975075003
10975075004
10975075005
10975075006
10975136001
10975137001
10975138001
10975139001
10975140001
10975154001
10975167001
10975168001
10975169001
10975170001
10975172001
10975173001
10975174001
10975175001
10975176001
10975177001
10975178001
10975366003
10975369003
10975468015
10975468016
10975468017
10975482015
10975511020
10975525016
10975525017
10975525018
10975525019
10975525020
10975528007
10975528008
10975528009
10975528011
10975530007
10975530009
10975530011
10975825014
10975825015
10975825016
10975825017
10975825018
10975825019
10975825020
10975825022
10975826015
10975826016
10975826017
10975826018
10975826019
10975826020
10975513015
10975513016
10975513018
10975513019
10975513022
10975515007
10975515008
10975515009
10975515010
10975515011
10975517007
10975517009
10975518018
10975518019
10975522014
10975522016
10975522017
10975522018
10975522019
10975522020
10975523014
10975523015
10975523016
10975523017
10975523018
10975523019
10975523020
10979964002
10980059019
10980059020
10980059018
10980059017
10980059021
10980059023
10980059016
10980059015
10980059013
10980057011
10980057010
10980057009
10980057008
10980057007
10980057006
10980036011
10980038002
10980038005
10980038020
10980038022
10980057004
10980057005
10980090002
10980090003
10980090004
10980143002
10980143003
10980143004
10980144001
10980144002
10980144003
10980144004
10980191001
10980193005
10980194005
10980036010
10979971011
10979964005
10979971006
10979971007
10979971008
10979971009
10979971010
10980025002
10980025003
10980025004
10980027003
10980027004
10980027005
10980028002
10980028003
10980028004
10980028005
10980036006
10980036007
10980036008
10980036009
10979989001
10979989002
10979989003
10979989004
10979990001
10979990002
10979990003
10979990004
10979993001
10979997001
10980009001
10980009002
10980009003
10980009004
10980009005
10980011003
10980011004
10980011005
11024463005
11024463006
11024463004
11024463003
11024463007
11024470002
11024470003
11024470006
11024463002
11024463001
11024462005
11024462004
11024462003
11024462002
11024462001
11024461007
11024471001
11024471002
11024472001
11024472002
11024472003
11024472004
11024472005
11024472007
11024473002
11024473003
11024473004
11024473005
11024473006
11024487002
11024487003
11024487004
11024461006
11024026006
11024027003
11024027004
11024311008
11024311009
11024311010
11024311011
11024320008
11024320009
11024320010
11024320011
11024323005
11024323006
11024323007
11024324005
11024324006
11024324007
11024459002
11024459003
11024459004
11024459005
11024459006
11024460002
11024460003
11024460004
11024460005
11024460006
11024460007
11024461002
11024461003
11024461004
11024461005
11024487005
11024954003
11024954004
11024954005
11024954006
11024955003
11024955004
11024955005
11024955006
11024956003
11024956004
11024956005
11024956006
11024957002
11024957003
11024957004
11024957005
11025383013
11025383015
11025383016
11025383017
11025383018
11025383019
11025383020
11025383025
11025384013
11025384014
11025384015
11025384016
11025384017
11025384018
11025384019
11025384020
11024953006
11024487006
11024489002
11024489003
11024489004
11024489005
11024521002
11024521003
11024521004
11024521005
11024521006
11024657004
11024658003
11024889003
11024890003
11024891002
11024948003
11024948004
11024948005
11024949003
11024949004
11024949005
11024951003
11024951004
11024951005
11024951006
11024952003
11024952004
11024952005
11024952006
11024953003
11024953004
11024953005
11024026005
11022324007
11022324008
11022324009
11022324010
11022324011
11022325006
11022325007
11022325008
11022325009
11022325010
11022325011
11022405008
11022405009
11022405010
11022405011
11022405012
11022405013
11022405014
11022405015
11022405016
11022405017
11022405018
11022405019
11022405020
11022405021
11022405023
11022438001
11022440001
11022450001
11022450002
11022450003
11022450004
11022324006
11021471003
11021471004
11021471005
11021476001
11021492001
11021492002
11021492003
11021493002
11021493003
11021493004
11021493005
11021512002
11021512003
11021512004
11021512005
11021513001
11021513002
11021513003
11021513004
11021569010
11021569011
11021569012
11021569013
11021569014
11021569015
11021569016
11021569017
11021569018
11022323019
11022323021
11022674003
11023698002
11023698003
11023698004
11023698005
11023698006
11023699002
11023699003
11023699004
11023699005
11023699006
11023737002
11023737003
11023737004
11023737005
11023737006
11023784002
11023784003
11023784004
11023784005
11023784006
11023787003
11023787004
11023787005
11023787006
11023789002
11023789003
11023789004
11023789005
11023789006
11024026002
11024026003
11024026004
11023678006
11022676001
11022680001
11022682001
11022685001
11022686001
11022687001
11022688001
11023641003
11023641004
11023641005
11023641006
11023678003
11023678004
11023678005
11025384021
11027632014
11027632015
11027631022
11027631021
11027632016
11027632017
11027632019
11027632020
11027631020
11027631019
11027631018
11027631017
11027631016
11027631015
11027631014
11027630022
11027632021
11027632022
11027633014
11027633015
11027633016
11027633017
11027633018
11027633019
11027633020
11027633021
11027633022
11027634010
11027634011
11027634012
11027634013
11027634014
11027630021
11027626016
11027626017
11027626018
11027626019
11027626020
11027626021
11027626022
11027627014
11027627015
11027627016
11027627017
11027627018
11027627019
11027627020
11027627021
11027627022
11027629014
11027629015
11027629016
11027629017
11027629018
11027629019
11027629020
11027629021
11027629022
11027630014
11027630015
11027630016
11027630017
11027630018
11027630019
11027630020
11027634015
11027655013
11027655014
11027655015
11027655017
11027655019
11027661004
11027661005
11027661006
11027661007
11027662004
11027662005
11027662006
11027662007
11027662008
11027663004
11027663005
11027663006
11027663007
11027663008
11027664004
11027664005
11027664006
11027664007
11027664008
11027668006
11027655012
11027634016
11027635010
11027635011
11027635012
11027635013
11027635014
11027635015
11027635016
11027640002
11027640003
11027640004
11027640005
11027640006
11027641002
11027641003
11027641004
11027641005
11027641006
11027644003
11027644004
11027644005
11027644006
11027652002
11027652003
11027652004
11027652005
11027652006
11027655011
11027626015
11025622007
11025623006
11025623007
11025626001
11025929001
11025929002
11025929003
11025929004
11026614003
11026853002
11026853003
11026853004
11026853006
11026853007
11027273002
11027273003
11027273004
11027273005
11027273006
11027412003
11027412004
11027412005
11027413003
11027413004
11027413005
11027414003
11027414004
11027414005
11027415003
11027415004
11025622006
11025384023
11025388013
11025388014
11025388015
11025388016
11025388017
11025388018
11025388019
11025388020
11025388021
11025388023
11025392008
11025392016
11025392018
11025392023
11025399010
11025399011
11025399012
11025399013
11025399014
11025399015
11025399016
11025399017
11025399019
11025620003
11025620004
11025620005
11025620006
11025620007
11025621004
11025621007
11025621009
11027416003
11027615014
11027615015
11027615016
11027615017
11027615018
11027615019
11027615020
11027615021
11027615022
11027617002
11027617003
11027617005
11027617006
11027617007
11027617008
11027617009
11027617010
11027617011
11027617020
11027617021
11027617023
11027617024
11027617026
11027626014
11027611001
11027416004
11027416005
11027425003
11027425004
11027425005
11027425006
11027442003
11027442004
11027442005
11027442006
11027453003
11027453004
11027453005
11027453006
11027454003
11027454004
11027454005
11027454006
11027455003
11027455004
11027455005
11027455006
11027606001
11027607001
11027608001
11027609001
11027610001
11021471002
11011605003
11011605004
11011605002
11011605001
11011606001
11011606002
11011606003
11011606004
11009389027
11009389025
11009389024
11009389023
11009389022
11009389021
11009389018
11009389015
11011800001
11011816001
11012073001
11012074001
11012077001
11012078001
11012079001
11012080001
11012082011
11012082012
11012082013
11012082014
11012082015
11012082016
11012082017
11009389014
11009316013
11009316014
11009316015
11009316016
11009316017
11009316018
11009316019
11009316020
11009316021
11009316023
11009319006
11009319007
11009319008
11009319009
11009319010
11009319011
11009386013
11009386014
11009386015
11009386022
11009386023
11009386024
11009386025
11009387017
11009387018
11009387019
11009387020
11009387021
11009389013
11012082018
11012588004
11012588005
11012589003
11012589004
11012589006
11012618011
11012618012
11012618013
11012618014
11012618015
11012618016
11012618017
11012618018
11012619015
11012619016
11012619017
11012619018
11012619019
11012619020
11012619021
11012619022
11012622006
11012957001
11014866001
11014867001
11014868001
11012582006
11012083015
11012083016
11012083017
11012083018
11012083019
11012083020
11012083021
11012083022
11012092001
11012092002
11012092003
11012092004
11012201003
11012201004
11012201005
11012201006
11012202001
11012203001
11012433001
11012434001
11012564003
11012564004
11012565001
11012566001
11012567001
11012578003
11012578004
11012578005
11012578006
11012582003
11012582005
11009146004
11009162002
11009162003
11009162004
11009162005
11009163002
11009163003
11009163004
11009163005
11009166001
11009166002
11009166003
11009166004
11009169002
11009169003
11009169004
11009169005
11009194010
11009194011
11009194012
11009194013
11009194014
11009194015
11009194016
11009194017
11009194018
11009197010
11009197011
11009197012
11009197013
11009197014
11009146003
11009106005
11009111010
11009111011
11009111012
11009111013
11009111014
11009111015
11009111016
11009111017
11009111018
11009133001
11009133002
11009133003
11009133004
11009134001
11009134002
11009134003
11009134004
11009144001
11009144002
11009144003
11009144004
11009146001
11009146002
11009197015
11009241002
11009241003
11009241004
11009241005
11009241006
11009242002
11009242003
11009242004
11009242005
11009242006
11009243002
11009243003
11009243004
11009243005
11009243006
11009234006
11009197016
11009197017
11009197018
11009198010
11009198011
11009198012
11009198013
11009198014
11009198015
11009198016
11009198017
11009198018
11009212002
11009212003
11009212004
11009212005
11009224001
11009224002
11009224003
11009224004
11009233002
11009233003
11009233004
11009233005
11009233006
11009234002
11009234003
11009234004
11009234005
11014869001
11021229004
11021229005
11021229003
11021229002
11021230003
11021230004
11021230005
11021230006
11021227005
11021227004
11021227003
11021227001
11021226005
11021226004
11021226003
11021226002
11021242006
11021242007
11021242008
11021242009
11021242010
11021242011
11021258002
11021258003
11021258004
11021258005
11021259002
11021259003
11021259004
11021260002
11021260003
11021219003
11021197006
11021198002
11021198003
11021198004
11021198005
11021204003
11021206002
11021206003
11021206004
11021206005
11021210013
11021210014
11021210015
11021210016
11021210017
11021210018
11021210019
11021210020
11021210021
11021210023
11021217001
11021218013
11021218014
11021218015
11021218016
11021218017
11021218018
11021218019
11021218020
11021218021
11021218023
11021219002
11021260004
11021373003
11021373004
11021373005
11021373006
11021397002
11021398003
11021402001
11021406003
11021435002
11021435003
11021435004
11021435005
11021438003
11021438004
11021438005
11021438006
11021457002
11021457003
11021457004
11021457005
11021457006
11021466001
11021466002
11021466003
11021466004
11021470002
11021470003
11021470004
11021470005
11021470006
11021336006
11021260005
11021267001
11021278003
11021278004
11021280013
11021280014
11021280015
11021280016
11021280017
11021280018
11021280019
11021280020
11021280021
11021280023
11021282013
11021282014
11021282015
11021282016
11021282017
11021282018
11021282019
11021282020
11021282021
11021282023
11021301009
11021301010
11021301011
11021336003
11021336004
11021336005
11021197005
11016827016
11016827017
11016827018
11016827019
11016827020
11016827022
11016831014
11016831015
11016831016
11016831017
11016831018
11016831019
11016831020
11016831022
11016838007
11016838008
11016838009
11016838010
11016838011
11016898010
11016898011
11016898012
11016898013
11016898014
11016898015
11016898016
11016898017
11017472002
11017472003
11017472004
11017472005
11017475002
11016827015
11014870001
11014871001
11014872001
11016799007
11016799008
11016799009
11016799010
11016799011
11016801014
11016801015
11016801016
11016801017
11016801018
11016801019
11016801020
11016801022
11016805014
11016805015
11016805016
11016805017
11016805018
11016805019
11016805020
11016805022
11016823007
11016823008
11016823009
11016823010
11016823011
11016827014
11017475003
11019214005
11019214006
11019215002
11019215003
11019215004
11019215005
11019215006
11019651005
11021150002
11021150003
11021150006
11021162002
11021162003
11021162004
11021162005
11021195001
11021195002
11021195005
11021195006
11021195007
11021195008
11021195009
11021195010
11021195011
11021197004
11019214004
11017475004
11017475005
11017477002
11017477003
11017477004
11017477005
11017478002
11017478003
11017478004
11017478005
11017485002
11017485003
11017485004
11017489002
11017489003
11017489004
11017489005
11017852002
11017852003
11017852004
11017852005
11017853002
11017853003
11017853004
11017853005
11019191002
11019191003
11019191004
11019191005
11019191006
11019214002
11019214003
11027669004
11043789005
11043789006
11043789004
11043789003
11043790003
11043790004
11043790005
11043790006
11043787006
11043787005
11043787004
11043787003
11043786006
11043786005
11043786004
11043786003
11043791003
11043791004
11043791005
11043791006
11043792003
11043792004
11043792005
11043792006
11043794003
11043794004
11043794005
11043794006
11047640003
11047640004
11047640005
11047640006
11043784006
11043774004
11043774005
11043774006
11043775004
11043775005
11043775006
11043776003
11043776004
11043776005
11043776006
11043777004
11043777005
11043777006
11043778004
11043778005
11043779003
11043779004
11043779005
11043779006
11043780004
11043780005
11043780006
11043781003
11043781004
11043781005
11043781006
11043783003
11043783004
11043783006
11043784003
11043784004
11043784005
11048089015
11050026001
11050326010
11050326011
11050326012
11050326013
11050326014
11050326015
11050326016
11050326017
11050326019
11051001002
11051001003
11051001004
11051002002
11051002006
11051005003
11051005006
11051006003
11051006004
11051006005
11051007002
11051007003
11051007004
11051007005
11051007006
11051008003
11051008005
11051010003
11051010004
11051012001
11051012004
11051012005
11050025001
11048089017
11048089019
11048089020
11048089021
11048089023
11048090011
11048090012
11048090013
11048090014
11048090015
11048090016
11048468001
11048470001
11048471001
11048472001
11048473001
11048474001
11048475001
11048476001
11048478001
11048977001
11048985001
11048986001
11048987001
11048988001
11048989001
11048990001
11048992001
11048994001
11050017001
11043774003
11042497019
11042497020
11042497021
11042497022
11042502010
11042502011
11042502012
11042502013
11042502014
11042502015
11042502016
11042549003
11042549004
11042549005
11042549006
11042549007
11042497018
11042243024
11042243026
11042419014
11042419015
11042419016
11042419017
11042419018
11042419019
11042419020
11042419021
11042419022
11042483014
11042483015
11042483016
11042483017
11042483018
11042483019
11042483020
11042483021
11042483022
11042497014
11042497015
11042497016
11042497017
11042765003
11043128006
11043128007
11043128008
11043507014
11043507015
11043507016
11043507017
11043507018
11043507019
11043507020
11043507021
11043507022
11043587014
11043587015
11043587016
11043587017
11043587018
11043587019
11043587020
11043587021
11043587022
11043634010
11043634011
11043634012
11043634013
11043634014
11043634015
11043634016
11043128005
11042765004
11042765005
11042765006
11042765007
11042783003
11042783004
11042783005
11042783006
11042783007
11042784003
11042784004
11042784005
11042784006
11042784007
11042792004
11042792005
11042792006
11042792007
11042793004
11042793005
11042793006
11042793007
11042849004
11042849005
11042849006
11042849007
11043064006
11043064007
11043128004
11051012006
11052433004
11052433005
11052432004
11052168019
11052434012
11052434013
11052434014
11052434015
11052168017
11052168016
11052168015
11052168014
11052168013
11052168012
11052168011
11052168010
11052435001
11052436001
11052560003
11052560004
11052560005
11052560006
11052561003
11052561004
11052561005
11052561006
11052580003
11052580004
11052580005
11052580006
11052589003
11052163019
11052156018
11052156019
11052156020
11052156021
11052156023
11052157013
11052157014
11052157015
11052157016
11052157017
11052157018
11052157019
11052157020
11052157021
11052157023
11052157025
11052162010
11052162011
11052162012
11052162013
11052162014
11052162015
11052162016
11052162017
11052162019
11052163010
11052163011
11052163012
11052163013
11052163015
11052163016
11052163017
11052589004
11053467004
11053467005
11053467006
11053468003
11053468004
11053468005
11053468006
11053469003
11053469004
11053469005
11053469006
11053470003
11053470004
11053470005
11053470006
11053679008
11053679009
11053679010
11053679011
11053681004
11053681005
11053681006
11053681007
11053890001
11053891001
11053892001
11053893001
11053965006
11053467003
11052589005
11052589006
11052590003
11052590004
11052590005
11052590006
11053246001
11053248002
11053248003
11053248004
11053248005
11053248006
11053249003
11053249004
11053249005
11053249006
11053249007
11053461003
11053461004
11053461005
11053461006
11053462003
11053462004
11053462005
11053462006
11053463003
11053463004
11053463005
11053466003
11053466004
11053466005
11053466006
11052156017
11051033005
11051033006
11051034003
11051034004
11051034005
11051034006
11051035003
11051035004
11051035005
11051035006
11051035007
11051041003
11051042003
11051042004
11051042005
11051042006
11051042007
11051234014
11051234015
11051234016
11051234017
11051234018
11051234019
11051234020
11051234022
11051235014
11051235015
11051235016
11051235017
11051033004
11051013002
11051013003
11051013004
11051013005
11051013006
11051014003
11051014004
11051014005
11051014006
11051015002
11051015003
11051015004
11051015005
11051015006
11051019002
11051021002
11051021003
11051021004
11051021005
11051021006
11051023004
11051023006
11051023007
11051026004
11051026005
11051026007
11051027004
11051027005
11051027006
11051028004
11051033002
11051033003
11051235018
11052150017
11052150018
11052150019
11052150020
11052150021
11052150023
11052150025
11052151013
11052151014
11052151015
11052151016
11052151017
11052151018
11052151019
11052151020
11052151021
11052151023
11052155013
11052155014
11052155015
11052155016
11052155017
11052155018
11052155019
11052155020
11052155021
11052155023
11052155025
11052156013
11052156014
11052156015
11052156016
11052150016
11051235019
11051235020
11051235022
11051310001
11051311001
11051868001
11051890001
11051893014
11051893015
11051893016
11051893017
11051893018
11051893019
11051893020
11051893022
11051894003
11051894004
11051894005
11051894006
11051895003
11051895004
11051895005
11051895006
11051899003
11051899004
11051899005
11051899006
11051899007
11052150013
11052150014
11052150015
11042243023
11028766004
11028766005
11028766003
11028766002
11028770001
11028771005
11028772004
11028773003
11028684001
11028683001
11028682001
11028619008
11028619007
11028619006
11028774005
11028775004
11028776003
11039799006
11039843014
11039843015
11039843016
11039843017
11039843018
11039843019
11039843020
11039843021
11039843022
11028619005
11028551001
11028551002
11028552001
11028552002
11028556003
11028556004
11028556005
11028556006
11028557003
11028557004
11028557005
11028557006
11028558003
11028558004
11028558005
11028558006
11028559006
11028560006
11028588001
11028589001
11028615005
11028615006
11028615007
11028615008
11028617005
11028617006
11028617007
11028617008
11028618005
11028618006
11028618007
11028618008
11039846014
11039900015
11039900016
11039900017
11039900018
11039900019
11039900020
11039900021
11039900022
11039905014
11039905015
11039905016
11039905017
11039905018
11039905019
11039905020
11039905021
11039905022
11039908014
11039908015
11039908016
11039908017
11039908018
11039908019
11039908020
11039908021
11039908022
11039917014
11039917015
11039917016
11039917017
11039917018
11039917019
11039900014
11039846015
11039846016
11039846017
11039846018
11039846019
11039846020
11039846021
11039846022
11039849014
11039849015
11039849016
11039849017
11039849018
11039849019
11039849020
11039849021
11039858005
11039858006
11039858007
11039858008
11039858009
11039858010
11039858011
11039876014
11039876015
11039876016
11039876017
11039876018
11039876019
11039876020
11039876021
11039876022
11028550002
11028409006
11028410006
11028411001
11028412001
11028413001
11028414001
11028415001
11028416001
11028417001
11028418001
11028419001
11028420001
11028421001
11028422001
11028423001
11028424001
11028425001
11027670001
11027671001
11027672001
11027673001
11027674001
11027675001
11027675002
11027675003
11027675004
11027675005
11027676004
11027676005
11027676006
11027676007
11027676008
11027677001
11027678004
11027678005
11027678006
11027678007
11027678008
11028426001
11028460001
11028461001
11028462001
11028463001
11028464001
11028465001
11028466001
11028467001
11028468001
11028469001
11028470001
11028471001
11028472001
11028473001
11028474001
11028475001
11028476001
11028477001
11028478001
11028479001
11028480001
11028481001
11028482001
11028483001
11028484001
11028485001
11028486001
11028489003
11028547002
11028548002
11028549002
11028550001
11028459001
11028427001
11028428001
11028429001
11028430001
11028431001
11028432001
11028433001
11028434001
11028435001
11028436001
11028437001
11028438001
11028439001
11028440001
11028441001
11028442001
11028443001
11028444001
11028445001
11028446001
11028447001
11028448001
11028449001
11028450001
11028451001
11028452001
11028453001
11028454001
11028455001
11028456001
11028457001
11028458001
11039917020
11040806004
11040806005
11040799008
11040799007
11040806006
11040806007
11040832003
11040832004
11040799006
11040799005
11040799004
11040795008
11040795007
11040795006
11040795005
11040795004
11040832005
11040832006
11040832007
11040862004
11040862005
11040862006
11040931001
11040932001
11041363004
11041363005
11041363006
11041399004
11041399005
11040790007
11040264001
11040561004
11040561005
11040561006
11040585004
11040585005
11040585006
11040585007
11040585008
11040586004
11040586005
11040586006
11040586007
11040586008
11040587004
11040587005
11040587006
11040587007
11040629004
11040629005
11040629006
11040629007
11040761003
11040761004
11040761005
11040761006
11040761007
11040790004
11040790005
11040790006
11041399006
11041701006
11041701007
11041921010
11041921011
11041921012
11041921013
11041921014
11041921015
11041921016
11041922010
11041922011
11041922012
11041922013
11041922014
11041922015
11041922016
11042026010
11042026011
11042026012
11042026013
11042026014
11042026015
11042026016
11042243002
11042243003
11042243005
11042243020
11042243021
11041701005
11041399007
11041399008
11041498001
11041522004
11041522005
11041522006
11041522007
11041524004
11041524005
11041524007
11041524008
11041570004
11041570005
11041570006
11041570007
11041650004
11041650005
11041650006
11041650007
11041661004
11041661005
11041661006
11041661007
11041685004
11041685005
11041685006
11041685007
11041685008
11041701003
11041701004
11040214016
11039943014
11039943015
11039943016
11039943017
11039943018
11039943019
11039943020
11039943021
11039943022
11039957014
11039957015
11039957016
11039957017
11039957018
11039957019
11039957020
11039957021
11039957022
11039962005
11039962006
11039962007
11039962008
11039962009
11039962010
11039962011
11039978005
11039978006
11039978007
11039978008
11039978009
11039978010
11039978011
11039940022
11039917021
11039917022
11039920014
11039920015
11039920016
11039920017
11039920018
11039920019
11039920020
11039920021
11039920022
11039924006
11039924007
11039924008
11039924009
11039924010
11039924011
11039928005
11039928006
11039928007
11039928008
11039928009
11039928010
11039928011
11039940014
11039940015
11039940016
11039940017
11039940018
11039940019
11039940020
11039940021
11040101016
11040101017
11040101018
11040101019
11040101020
11040101021
11040101022
11040157014
11040157015
11040157016
11040157017
11040157018
11040157019
11040157020
11040157021
11040157022
11040212010
11040212011
11040212012
11040212013
11040212014
11040212015
11040212016
11040214010
11040214011
11040214012
11040214013
11040214014
11040214015
11040101015
11040010014
11040010015
11040010016
11040010017
11040010018
11040010019
11040010020
11040010021
11040010022
11040100010
11040100011
11040100012
11040100013
11040100014
11040100015
11040100016
11040101014
10992649016
10992649017
10992649015
10992646020
10992649018
10992649019
10992649020
10992649021
10992646019
10992644023
10992644021
10992644020
10992644016
10992644015
10992642021
10992642020
10992649023
10992650015
10992650016
10992650017
10992650018
10992650019
10992650020
10992650023
10992651015
10992651018
10992651019
10992651020
10992652020
10992653016
10992653019
10992655020
10992642019
10992635015
10992635019
10992636010
10992636011
10992636013
10992636014
10992636015
10992636019
10992638010
10992638011
10992638012
10992638013
10992638014
10992638015
10992638016
10992638017
10992638019
10992640010
10992640011
10992640012
10992640013
10992640014
10992640015
10992640016
10992641015
10992641018
10992641019
10992641020
10992641021
10992642016
10992642017
10992642018
10992656020
10992664016
10992664017
10992665011
10992665012
10992665013
10992665014
10992665015
10992666012
10992666013
10992666014
10992666015
10992666016
10992667011
10992667013
10992667015
10992667016
10992667017
10992668011
10992668012
10992668013
10992668014
10992668015
10992668016
10992669014
10992669015
10992669023
10992674015
10992674016
10992674017
10992674018
10992674019
10992674020
10992664015
10992656023
10992657023
10992658016
10992658017
10992658018
10992658019
10992658020
10992658021
10992658023
10992660013
10992660014
10992660015
10992660016
10992660017
10992661011
10992661013
10992661014
10992661015
10992661016
10992662011
10992662012
10992662013
10992662014
10992662016
10992663011
10992663012
10992663013
10992663015
10992664011
10992664012
10992664013
10992664014
10992635014
10991623015
10991623016
10991623017
10991672001
10991672002
10991672003
10991672004
10991700002
10991700003
10991700004
10991710002
10991710003
10991710004
10991710005
10991742001
10992229005
10992231006
10992236002
10992238001
10992239002
10992240002
10992241002
10992242002
10992244012
10991623014
10991593005
10991593006
10991594003
10991594004
10991594005
10991595003
10991595005
10991596003
10991596004
10991596005
10991596006
10991597002
10991597003
10991597004
10991597005
10991598002
10991598003
10991598004
10991598005
10991599003
10991599005
10991600005
10991600006
10991601002
10991601003
10991601004
10991623010
10991623011
10991623012
10991623013
10992244013
10992281001
10992627013
10992627015
10992627016
10992627017
10992627018
10992627019
10992627020
10992627023
10992627025
10992628015
10992628016
10992628017
10992628018
10992628019
10992628020
10992628025
10992631013
10992631014
10992631015
10992631016
10992631017
10992631018
10992631019
10992631020
10992631021
10992631023
10992631025
10992635010
10992635011
10992635012
10992635013
10992280001
10992244014
10992244015
10992244016
10992244017
10992244018
10992244019
10992245012
10992245013
10992245015
10992245016
10992245017
10992245018
10992245019
10992252001
10992258001
10992261001
10992262001
10992263001
10992265001
10992266001
10992267001
10992270001
10992271001
10992272001
10992273001
10992274001
10992275002
10992275004
10992276001
10992277001
10992278001
10992279001
10992674021
11002128023
11002275004
11002128022
11002128021
11002275005
11002275006
11002275007
11002128020
11002128019
11002128018
11002128017
11002128016
11002128015
11002128014
11002128013
11002395004
11002395005
11002395006
11002409004
11002409005
11002409006
11002409007
11002430001
11002052024
11001371015
11001371016
11001371017
11001371018
11001371019
11001371020
11001371021
11001371023
11001734014
11001734017
11001734018
11001734019
11001734020
11001734021
11002013013
11002013014
11002013017
11002013019
11002013020
11002052016
11002052018
11002052019
11004654015
11004654016
11004657010
11004657011
11004657012
11004657013
11004657014
11004657017
11004661010
11004661011
11004661012
11004661013
11004665015
11004665016
11004665017
11004665018
11004665019
11004665020
11004665023
11004957013
11004957014
11004957015
11004957016
11004957017
11004957018
11004957019
11004957020
11004957021
11004957023
11004958013
11004958014
11004958015
11004654014
11003052004
11003052005
11003052006
11003052007
11003052008
11003969003
11003969004
11003969005
11003969006
11003969007
11004181003
11004181005
11004181006
11004617001
11004618001
11004619002
11004619004
11004652001
11004653006
11004654012
11004654013
11001371014
10992695004
10992695005
10992695006
10992695007
10992696003
10992696004
10992696005
10992696006
10992696007
10992697003
10992697004
10992697005
10992697006
10992697007
10992698003
10992698004
10992698005
10992698006
10992698007
10992699003
10992699004
10992699005
10992699006
10992699007
10992700003
10992700004
10992700005
10992700006
10992700007
10992701002
10992701003
10992701004
10992695003
10992674023
10992676017
10992676020
10992678015
10992678016
10992678019
10992678020
10992678023
10992682014
10992682015
10992688016
10992688017
10992688018
10992688019
10992688020
10992688021
10992688023
10992690015
10992690016
10992690017
10992690018
10992690019
10992690020
10992690021
10992691014
10992691016
10992691017
10992694003
10992694004
10992694005
10992694006
10992694007
10992701005
11000919023
11000956010
11000956011
11000956012
11000956014
11000956015
11000956016
11000973010
11000973011
11000973012
11000973013
11000973014
11000973015
11000973016
11001210014
11001210015
11001210016
11001210017
11001210018
11001210019
11001210020
11001210022
11001371013
11000919022
10992701006
10992702002
10992702003
10992702004
10992702005
10992702006
10992703002
10992703003
10992703004
10992703005
10992730003
10992730004
10992730005
10992730006
10992730007
10992731003
10992731004
10992731005
10992731006
10993153005
10997113001
11000919014
11000919015
11000919016
11000919017
11000919018
11000919019
11000919020
10991593004
10991220004
10991220005
10991220003
10991220002
10991220006
10991221002
10991221003
10991221004
10991219006
10991219005
10991219004
10991219003
10991219002
10991218006
10991218005
10991218004
10991221005
10991221006
10991222002
10991222003
10991222004
10991222005
10991222006
10991223002
10991223003
10991223004
10991223005
10991223006
10991224002
10991224003
10991224004
10991224005
10991218003
10991163002
10991163003
10991163004
10991163005
10991163006
10991164002
10991164003
10991164004
10991164005
10991164006
10991165002
10991165003
10991165004
10991165005
10991165006
10991166010
10991166011
10991166012
10991166013
10991166014
10991166015
10991166016
10991166017
10991166018
10991166019
10991166020
10991172002
10991172003
10991172004
10991172005
10991172006
10991218002
10991224006
10991279002
10991279003
10991279004
10991279005
10991280002
10991280003
10991280004
10991280005
10991292002
10991292003
10991292004
10991292005
10991292006
10991293002
10991293003
10991293004
10991293005
10991293006
10991294002
10991294003
10991294004
10991294005
10991294006
10991295002
10991295003
10991295004
10991295005
10991296002
10991296003
10991296004
10991296005
10991298002
10991278005
10991233002
10991233003
10991233004
10991233005
10991246002
10991246003
10991246004
10991246005
10991246006
10991248002
10991248003
10991248004
10991248005
10991249002
10991249003
10991249004
10991249005
10991250002
10991250003
10991250004
10991250005
10991250006
10991278002
10991278003
10991278004
10991139005
10991009004
10991009005
10991009006
10991021002
10991021003
10991021004
10991021005
10991026002
10991026003
10991026004
10991026005
10991027002
10991027003
10991027004
10991027005
10991043010
10991043011
10991009003
10990975003
10990975005
10990975007
10990975009
10990976002
10990976003
10990976004
10990976005
10990977002
10990977003
10990977004
10990977005
10990985011
10990985012
10990985013
10990985014
10990985015
10990985016
10990985017
10990985018
10990985019
10990991005
10990992005
10990994001
10990995005
10991005002
10991005003
10991005004
10991005005
10991005006
10991009002
10991043012
10991127013
10991127015
10991127016
10991127017
10991127018
10991127019
10991127020
10991127021
10991134002
10991134003
10991134004
10991134005
10991134006
10991136001
10991136002
10991136003
10991136004
10991136005
10991139001
10991139002
10991139003
10991139004
10991043013
10991043014
10991043015
10991043016
10991043017
10991043018
10991048014
10991048015
10991048016
10991048017
10991048018
10991048019
10991048020
10991048021
10991048023
10991050001
10991050002
10991050004
10991050005
10991050006
10991050007
10991050008
10991050009
10991050010
10991050011
10991298003
10991512003
10991512004
10991512002
10991499023
10991512005
10991526002
10991526003
10991526004
10991499021
10991499020
10991499019
10991499018
10991499017
10991499016
10991499015
10991499014
10991526005
10991538015
10991538016
10991538017
10991538018
10991538019
10991538020
10991538021
10991538023
10991563002
10991563003
10991563004
10991563005
10991564004
10991565003
10991499013
10991431004
10991431005
10991431006
10991435002
10991435003
10991435004
10991435005
10991436002
10991436003
10991436004
10991436005
10991437002
10991437003
10991437004
10991437005
10991438002
10991438003
10991438004
10991438005
10991490013
10991490014
10991490015
10991490016
10991490017
10991490018
10991490019
10991490020
10991490023
10991565004
10991583004
10991583005
10991583006
10991584005
10991585003
10991585004
10991585005
10991586003
10991586004
10991586005
10991586006
10991587004
10991587005
10991587006
10991588004
10991588005
10991588006
10991589003
10991589004
10991589005
10991589006
10991590004
10991590005
10991590006
10991591003
10991591004
10991591005
10991591006
10991592004
10991592005
10991592006
10991593003
10991583003
10991566002
10991566003
10991566004
10991570002
10991570004
10991572003
10991572004
10991572005
10991573004
10991574004
10991576004
10991576005
10991576006
10991577003
10991577004
10991577005
10991578003
10991578004
10991578005
10991578006
10991579003
10991579004
10991579005
10991579006
10991580003
10991580005
10991580006
10991582004
10991582005
10991582006
10991431003
10991316005
10991317002
10991317003
10991317004
10991317005
10991320002
10991320003
10991320004
10991320005
10991333001
10991340002
10991340003
10991340004
10991340005
10991340006
10991343005
10991390002
10991390003
10991390004
10991390005
10991390006
10991391002
10991391003
10991391004
10991391005
10991391006
10991393003
10991393005
10991316004
10991298004
10991298005
10991300002
10991300003
10991300004
10991300005
10991301002
10991301003
10991301004
10991301005
10991302002
10991302003
10991302004
10991302005
10991303002
10991303003
10991303004
10991303005
10991305002
10991305003
10991305004
10991305005
10991306002
10991306003
10991306004
10991306005
10991307002
10991307003
10991307004
10991307005
10991316002
10991316003
10991393007
10991410020
10991410021
10991410022
10991410023
10991416002
10991416003
10991416004
10991416005
10991417002
10991417003
10991417004
10991417005
10991417006
10991418002
10991418003
10991418004
10991418005
10991418006
10991421014
10991421015
10991421016
10991421017
10991421018
10991421019
10991421020
10991421023
10991431002
10991410019
10991393009
10991393010
10991393011
10991393012
10991393013
10991394003
10991394004
10991394005
10991394006
10991394007
10991394008
10991394009
10991394010
10991398002
10991398003
10991398004
10991398005
10991398006
10991410013
10991410014
10991410015
10991410016
10991410017
10991410018
11004958016
11008751017
11008751018
11008751016
11008751015
11008752016
11008752017
11008752018
11008752019
11008751014
11008751013
11008751012
11008751010
11008750017
11008750016
11008750015
11008758012
11008758013
11008758014
11008758015
11008758016
11008758017
11008758018
11008761013
11008761014
11008761015
11008761016
11008761017
11008761018
11008717023
11008730013
11008730015
11008730016
11008730017
11008730018
11008730019
11008730020
11008730021
11008730022
11008730023
11008733013
11008733014
11008733015
11008733016
11008733017
11008733018
11008733019
11008733020
11008733021
11008733023
11008736006
11008736007
11008736008
11008736009
11008736010
11008736011
11008749001
11008750012
11008761019
11008780002
11008780003
11008780004
11008786001
11008786002
11008786003
11008786004
11008787001
11008787002
11008787003
11008787004
11008789001
11008789002
11008789003
11008789004
11008801002
11008801003
11008801004
11008801005
11008805014
11008805015
11008805016
11008805017
11008805018
11008805019
11008805020
11008780001
11008761020
11008761021
11008761023
11008764013
11008764014
11008764015
11008764016
11008764017
11008764018
11008764019
11008764020
11008764021
11008764023
11008766010
11008766011
11008766012
11008766013
11008766014
11008766015
11008766016
11008766017
11008766018
11008769013
11008769014
11008769015
11008769017
11008769018
11008769019
11008769020
11008769021
11008769023
11008717021
11008695013
11008695014
11008695015
11008695016
11008695017
11008695018
11008695019
11008695021
11008695023
11008701013
11008701014
11008701015
11008701016
11008701017
11008701018
11008701019
11008701020
11008701021
11008701023
11008702010
11008702011
11008702012
11008702013
11008702014
11008702015
11008702016
11008702017
11008685004
11008677013
11008677015
11008677016
11008677017
11008677018
11008677019
11008677020
11008677021
11008677023
11008680010
11008680011
11008680012
11008680013
11008680014
11008680015
11008680016
11008680017
11008684001
11008684002
11008684003
11008684004
11008685001
11008685002
11008685003
11008709015
11008709016
11008709017
11008709018
11008709019
11008709021
11008709023
11008713010
11008713011
11008713012
11008713013
11008713014
11008713015
11008713016
11008713017
11008713018
11008714010
11008714011
11008714012
11008714013
11008714014
11008714015
11008714016
11008714017
11008714018
11008717013
11008717014
11008717015
11008717016
11008717017
11008717018
11008717019
11008709014
11008706013
11008706014
11008706015
11008706016
11008706017
11008706018
11008706019
11008706020
11008706021
11008706023
11008707010
11008707011
11008707012
11008707013
11008707014
11008707015
11008707016
11008707017
11008707018
11008708010
11008708011
11008708012
11008708013
11008708014
11008708015
11008708016
11008708017
11008708018
11008709013
11008805023
11008945020
11008945021
11008945019
11008945018
11008945023
11008945017
11008945016
11008945014
11008945013
11008944020
11008944019
11008944018
11008944016
11008956001
11008956002
11008956003
11008956004
11008963001
11008963002
11008963003
11008963004
11008970002
11008970003
11008944015
11008912015
11008912016
11008912017
11008912018
11008912019
11008912020
11008912021
11008912023
11008914013
11008914014
11008914015
11008914016
11008914017
11008914018
11008914019
11008914020
11008914021
11008914023
11008935013
11008935014
11008935015
11008935016
11008935017
11008935018
11008935019
11008935021
11008944014
11008970004
11009034006
11009035002
11009035003
11009035004
11009035005
11009036002
11009036003
11009036004
11009036005
11009037002
11009037003
11009037004
11009037005
11009042002
11009042003
11009042004
11009042005
11009042006
11009043002
11009043003
11009043004
11009043005
11009071010
11009071011
11009071012
11009071013
11009071014
11009071015
11009071016
11009071017
11009071018
11009034005
11008970005
11009009002
11009009003
11009009004
11009009005
11009014002
11009014003
11009014004
11009014005
11009020002
11009020003
11009020004
11009020005
11009029006
11009029007
11009029008
11009029009
11009029010
11009029011
11009032002
11009032003
11009032004
11009032005
11009032006
11009033002
11009033003
11009033004
11009033005
11009033006
11009034002
11009034003
11009034004
11008912014
11008831017
11008831018
11008831019
11008831020
11008831021
11008831023
11008833017
11008833018
11008833019
11008833021
11008839010
11008839011
11008839012
11008839014
11008839015
11008839016
11008839017
11008839018
11008841013
11008841014
11008841015
11008841016
11008841017
11008841018
11008841019
11008841020
11008841021
11008841023
11008843013
11008843014
11008843015
11008831016
11008813013
11008813014
11008813016
11008813017
11008813018
11008813023
11008821014
11008821017
11008830010
11008830011
11008830012
11008830013
11008830014
11008830015
11008830016
11008830017
11008830018
11008830019
11008831013
11008831014
11008831015
11008843016
11008881017
11008881018
11008881019
11008881020
11008905004
11008905005
11008905006
11008905008
11008905009
11008905010
11008905011
11008906013
11008906014
11008906016
11008906017
11008906018
11008906019
11008906021
11008906023
11008908013
11008908015
11008908016
11008908017
11008908018
11008908019
11008908020
11008908021
11008908023
11008881016
11008843017
11008843018
11008843019
11008843020
11008843021
11008843023
11008849001
11008849002
11008849003
11008849004
11008878010
11008878011
11008878012
11008878013
11008878014
11008878015
11008878016
11008878017
11008878018
11008881014
11008881015
11008672023
11008306003
11008302005
11008306004
11008306005
11008307003
11008307004
11008302004
11008301004
11008300005
11008295006
11008295005
11008295004
11008307005
11008307006
11008308003
11008308004
11008308005
11008308006
11008309003
11008309004
11008309005
11008309006
11008310003
11008310004
11008310005
11008310006
11008311003
11008311004
11008295003
11008266006
11008270003
11008270004
11008270005
11008270006
11008273003
11008273004
11008273005
11008273006
11008274003
11008274004
11008274005
11008274006
11008277003
11008277004
11008277005
11008277006
11008278003
11008278004
11008278005
11008278006
11008280003
11008280004
11008280005
11008280006
11008288005
11008288006
11008292003
11008292005
11008311005
11008393002
11008393003
11008393004
11008393005
11008396006
11008396007
11008396008
11008396009
11008396010
11008396011
11008397001
11008397002
11008397003
11008397004
11008397005
11008397020
11008397022
11008397024
11008419013
11008419014
11008419015
11008419016
11008419017
11008419018
11008419019
11008311006
11008312003
11008312004
11008312005
11008312006
11008313003
11008313004
11008313005
11008316003
11008316004
11008316005
11008353002
11008353003
11008353004
11008353005
11008353006
11008359013
11008359015
11008359017
11008359019
11008359023
11008363002
11008363003
11008363004
11008363005
11008363006
11008373011
11008373013
11008373015
11008373017
11008266005
11004965021
11004966010
11004966012
11004966013
11004966014
11004966015
11004966016
11004966019
11004967010
11004967011
11004967012
11004967013
11004967014
11004967019
11004968010
11004968011
11004968012
11004968013
11004968014
11004968015
11004968016
11004968017
11004970010
11004970011
11004970012
11004970013
11004970014
11004970015
11004970017
11004970019
11004971013
11004971014
11004965020
11004958017
11004958018
11004958019
11004958020
11004958021
11004958023
11004959014
11004959015
11004959016
11004959018
11004959023
11004960017
11004960018
11004961013
11004961014
11004961017
11004961018
11004963014
11004963015
11004963016
11004963017
11004963018
11004963019
11004963020
11004963023
11004965013
11004965014
11004965015
11004965016
11004965017
11004965018
11004965019
11004971015
11008172017
11008176016
11008176018
11008247001
11008248001
11008252004
11008252005
11008252006
11008253003
11008253004
11008253005
11008253006
11008254003
11008254004
11008254005
11008254006
11008260003
11008260004
11008260005
11008260006
11008261003
11008261004
11008261005
11008263004
11008264003
11008264004
11008264005
11008264006
11008266003
11008266004
11008172016
11004971016
11004971017
11004971019
11005794001
11005835005
11007788002
11007788003
11007788004
11007788005
11007788006
11007822002
11007822003
11007822004
11007822005
11007822006
11008170019
11008171011
11008171012
11008171013
11008171014
11008171015
11008171016
11008171017
11008172013
11008172014
11008419020
11008606014
11008604023
11008604021
11008606015
11008606016
11008606017
11008606018
11008604019
11008604018
11008604017
11008604016
11008604015
11008604014
11008604013
11008606019
11008606020
11008606021
11008606023
11008611013
11008611014
11008611015
11008611016
11008611017
11008611018
11008611019
11008611023
11008613010
11008613012
11008600017
11008528005
11008533003
11008533004
11008533005
11008534003
11008534004
11008534005
11008571002
11008571003
11008571004
11008571005
11008587013
11008587014
11008587015
11008587016
11008587017
11008587018
11008587019
11008587020
11008587021
11008587023
11008600010
11008600011
11008600012
11008600013
11008600014
11008600015
11008600016
11008613013
11008625014
11008625015
11008625016
11008625017
11008625018
11008644002
11008644003
11008644004
11008644005
11008654010
11008654011
11008654012
11008654013
11008654015
11008654016
11008654017
11008665003
11008665004
11008665005
11008672013
11008672014
11008672015
11008672016
11008672017
11008672018
11008672019
11008672020
11008672021
11008625013
11008613014
11008613015
11008613016
11008613017
11008613018
11008614013
11008614014
11008614015
11008614016
11008614017
11008614018
11008614019
11008614020
11008615013
11008615014
11008615015
11008615016
11008615017
11008615018
11008615019
11008615021
11008615023
11008616013
11008616014
11008616015
11008616016
11008616017
11008616018
11008616020
11008625010
11008625011
11008625012
11008528004
11008453005
11008458001
11008458002
11008458003
11008458004
11008461001
11008461002
11008461003
11008461004
11008453004
11008419021
11008421010
11008421012
11008421013
11008421015
11008421016
11008421017
11008421018
11008430013
11008430014
11008430015
11008430016
11008430017
11008430018
11008430019
11008430020
11008430021
11008430023
11008449003
11008453002
11008453003
11008514001
11008514002
11008514003
11008514004
11008514005
11008514020
11008514022
11008514024
11008516006
11008516007
11008516008
11008516009
11008516010
11008516011
11008522002
11008522003
11008522004
11008522005
11008523002
11008523003
11008523004
11008523005
11008523006
11008524002
11008524003
11008524004
11008524005
11008525002
11008525003
11008525005
11008528002
11008528003
11008509011
11008506013
11008506014
11008506015
11008506016
11008506017
11008506018
11008506019
11008506020
11008506023
11008509006
11008509007
11008509008
11008509009
11008509010
10866961003
10866961004
10866961002
10866961001
10866961005
10866963002
10866963003
10866979002
10866959002
10866947001
10866946001
10866896011
10866896010
10866896009
10866896008
10866979003
10866979004
10867707001
10867707002
10867707003
10867707004
10867707005
10867707006
10868212002
10868212003
10868212004
10868212005
10869085003
10869085004
10869085005
10866896007
10866860004
10866860005
10866860020
10866860022
10866860024
10866861001
10866861002
10866861003
10866861004
10866861005
10866861020
10866861022
10866861024
10866863005
10866863007
10866863015
10866863016
10866893001
10866893002
10866893003
10866893004
10866893005
10866893020
10866893022
10866893024
10866896006
10869085006
10872916002
10874929001
10875061012
10875061014
10875061015
10875061016
10875061017
10875061018
10875061019
10875061020
10875061023
10872915001
10869085007
10869085008
10869085010
10869100003
10869100005
10869100006
10869100007
10869130003
10869130004
10869130005
10869130006
10869130007
10869130008
10869130009
10872319001
10872786001
10872786002
10872786003
10872786004
10872786005
10872786006
10872855002
10872855003
10872855004
10872855005
10872860001
10872860002
10872860003
10872860005
10872910001
10872910004
10872914002
10866860003
10864958004
10864987013
10864987014
10864987015
10864987016
10864987017
10864987018
10864987021
10864987023
10865111001
10865111002
10865111003
10865111004
10865118002
10865118003
10865118004
10865119003
10865119004
10864958003
10864811012
10864811013
10864811015
10864811016
10864811017
10864811018
10864914005
10864939002
10864939003
10864939004
10864939005
10864940002
10864940003
10864940004
10864940005
10864958002
10865470003
10865470004
10865471003
10865471004
10866857006
10866857007
10866857008
10866857009
10866857010
10866857011
10866857013
10866858006
10866858007
10866858008
10866858009
10866858010
10866858011
10866860001
10866860002
10865144003
10865145003
10865205002
10865205003
10865205004
10865205005
10865241002
10865241003
10865241004
10865241005
10865244003
10865244004
10865244005
10865249002
10865249003
10865249004
10865249005
10865249006
10899497008
10899497009
10899497007
10899497006
10899497010
10899497011
10899497012
10899551010
10899494018
10899494017
10899494016
10899494015
10899494014
10899494013
10899494012
10899551011
10899551012
10899551013
10899551014
10899551015
10899551016
10899551017
10899551018
10899894006
10899894007
10899894008
10899894009
10899494011
10898575010
10898575011
10898575012
10898575013
10898575014
10898575015
10898575016
10898575018
10898708004
10898708005
10899330003
10899330004
10899330005
10899357007
10899357008
10899357010
10899494010
10899894010
10907925001
10907927001
10908866001
10909097001
10909097003
10909097005
10909097006
10909097007
10909097008
10909097009
10909097010
10909097011
10909101003
10909101004
10909102002
10909102003
10909102004
10909102005
10909102006
10909103002
10909103004
10909103006
10907920001
10899894011
10899894012
10899963005
10899963006
10899963007
10899963008
10899963009
10899963010
10899963014
10900561011
10900561012
10900561013
10900561014
10900561015
10900561016
10900561017
10900561018
10900562012
10900562013
10900562014
10900562015
10900601011
10900601013
10901201011
10901201012
10901201013
10904411002
10898514007
10875636001
10875636002
10875636003
10875636004
10875638004
10875638005
10875639004
10875639005
10875646001
10876129001
10876129002
10876129003
10876129004
10877558003
10877647002
10877647003
10877647004
10877647005
10877958003
10877958004
10877958005
10877958006
10877974010
10877974011
10875176016
10875176017
10875176018
10875229003
10875256003
10875256005
10875256006
10875278003
10875278004
10875278005
10877974012
10883253016
10883253017
10883253018
10883253019
10883253020
10883253021
10883253022
10883273015
10898257001
10898257002
10898257003
10898257004
10898257005
10898257006
10898257007
10898257008
10898257009
10898257010
10898257011
10898257012
10898257013
10898257020
10898257021
10898257022
10898257023
10898257024
10898257025
10898257026
10898514003
10898514004
10898514005
10883253015
10877974013
10877974014
10877974015
10877974016
10877977013
10877977015
10877977016
10878074006
10878079006
10878080006
10878083006
10878087001
10878095001
10878096001
10878113001
10878116001
10878117001
10878118001
10883248005
10883248006
10883252014
10883252015
10883252016
10883252017
10883252018
10883252019
10883252020
10883252021
10883252022
10883253014
10844725009
10844725010
10844725007
10844725011
10844725012
10844725013
10844583018
10844583017
10844583016
10844583015
10844583014
10844583013
10844812011
10844812012
10844812013
10844812014
10844812015
10844812016
10844812017
10844815009
10844815010
10844815011
10844583012
10843000010
10843000012
10843000014
10843000015
10843000017
10843002010
10843002012
10843002013
10843002014
10843002015
10843002016
10843106011
10843106014
10843106015
10843106016
10843108010
10843108014
10843108016
10843231015
10843231016
10843839002
10843839003
10843839005
10843839006
10844583011
10844815012
10846943003
10847058001
10847058002
10847058003
10847058004
10847100002
10847100003
10847199001
10847199002
10847199003
10847199004
10847200002
10847200004
10847200005
10847202001
10847202002
10847202003
10847202004
10847202005
10847270001
10847321007
10853681002
10853681003
10853681004
10846943002
10844815013
10844815014
10844815015
10844815016
10844815017
10844815019
10845010002
10845010003
10845010004
10845010005
10845321003
10845321004
10845321005
10846025001
10846027001
10846028001
10846770006
10846770007
10846770008
10846770009
10846770010
10846770011
10846791002
10846791003
10846791004
10846791005
10846943001
10842378004
10839492020
10839492021
10839492022
10839492023
10839492024
10839692004
10839692005
10839692006
10839892006
10839944003
10839944004
10839944005
10839944006
10839946003
10839946006
10839946007
10839947003
10839947004
10839947006
10839947007
10839949004
10839949005
10840195003
10840195004
10840195005
10840274003
10840274004
10840274005
10840278003
10840278004
10840278005
10839492019
10838687016
10838687017
10838687018
10838687019
10838687020
10838687021
10838881014
10838881016
10838881017
10838881018
10838881019
10838881020
10838881021
10838881022
10838920011
10838920012
10838920013
10838920014
10838920015
10838920016
10839306010
10839306011
10839306012
10839306013
10839306014
10839306015
10839306016
10839492015
10839492016
10839492017
10839492018
10840340001
10841396003
10841396004
10841396005
10841397002
10841397003
10841397004
10841397005
10841502004
10841502005
10841502006
10841566003
10841566004
10841566005
10841566006
10841678002
10841678003
10841678004
10841678005
10841678006
10841723003
10841723004
10841723005
10841723006
10841731003
10841731004
10841731005
10842378003
10841347001
10840355003
10840355004
10840576005
10840929003
10840929004
10840929005
10840956003
10840956005
10840956006
10840956007
10840967003
10840967004
10840967005
10840967006
10840967007
10841147003
10841147004
10841147005
10841175003
10841175004
10841175005
10841184004
10841184006
10841186003
10841186004
10841186005
10841186006
10841337004
10841337005
10841337006
10853681005
10864163004
10864333001
10864163003
10864163002
10864333003
10864333004
10864333005
10864351003
10864163001
10864151005
10864151004
10864151003
10864151002
10864139004
10864139003
10864139002
10864351004
10864351005
10864370002
10864370003
10864370004
10864370005
10864378001
10864378002
10864378003
10864378004
10864378005
10864392001
10864392002
10864392003
10864392004
10864392005
10864139001
10863030019
10863030020
10863033015
10863033016
10863033017
10863033018
10863033019
10863033020
10863033022
10863126008
10863126009
10863126010
10863201002
10863201004
10863858003
10863858004
10863858005
10863859002
10863859003
10863859004
10863859005
10863860002
10863860004
10863860005
10863956002
10863956003
10863956004
10863956005
10863956006
10863964006
10863964007
10864629018
10864629019
10864629020
10864629021
10864737014
10864737015
10864737016
10864737017
10864737018
10864737019
10864740010
10864740011
10864740012
10864740013
10864740014
10864740015
10864740016
10864740017
10864778010
10864778011
10864778012
10864778013
10864778014
10864778015
10864778016
10864778018
10864811010
10864629017
10863030018
10859335008
10859335010
10859335011
10859364002
10859364003
10859364004
10859364005
10859368001
10859515003
10859876002
10859876003
10859876004
10859876005
10859950001
10859950002
10859950003
10859950004
10859950005
10853682002
10853682003
10853682004
10853682005
10859068016
10859068017
10859068018
10859119004
10859119005
10859951002
10862714009
10862714010
10862714011
10862800014
10862800015
10862800016
10862800017
10862800018
10862800019
10862851015
10862851016
10862851017
10862851018
10862851019
10863016016
10863016017
10863016018
10863016019
10863016020
10863016022
10863017015
10863017016
10863017017
10863017018
10863017019
10863017022
10863030014
10863030015
10863030016
10863030017
10859951003
10859951004
10859951005
10860251001
10860251002
10860251003
10860251004
10860251005
10860293001
10860293002
10860293003
10861573002
10861573003
10861582002
10861582003
10861582004
10861582005
10861586002
10861586003
10861590001
10861591001
10862689001
10909103008
10923712004
10923712005
10923712003
10923712002
10923713002
10923713003
10923713004
10923713005
10923711004
10923711003
10923711002
10923711001
10923710004
10923710003
10923710002
10923710001
10923714002
10923714003
10923714004
10923714005
10923716002
10923716003
10923716004
10923716005
10923719001
10923719002
10923719003
10923719004
10923720002
10923720003
10923720004
10923720005
10923709003
10923701001
10923701002
10923701003
10923701004
10923702001
10923702002
10923702003
10923702004
10923704002
10923704003
10923704004
10923704005
10923705002
10923705003
10923705004
10923705005
10923706001
10923706002
10923706003
10923706004
10923707001
10923707002
10923707003
10923707004
10923708001
10923708002
10923708003
10923708004
10923709001
10923709002
10924705003
10924705004
10924707003
10924707004
10924713003
10924714002
10924870003
10924870004
10924870006
10923722001
10923722002
10923722003
10923722004
10923723001
10923723002
10923723003
10923724001
10924602003
10924602004
10924602005
10924602006
10924602007
10924647003
10924647004
10924647005
10924647006
10923699004
10922100006
10922100008
10922101008
10922101009
10922101010
10922107016
10922107017
10922107018
10922109015
10922109016
10922109017
10922109018
10922109019
10922109022
10922110015
10922110016
10922110017
10922110018
10922110019
10922110020
10922110022
10922113014
10922113015
10922113016
10922113017
10922113018
10922113022
10922114015
10922114017
10922114019
10922121018
10922122008
10922099010
10920150005
10920152002
10920152003
10920152004
10920152005
10921862005
10921862006
10921862007
10922083022
10922088022
10922091014
10922091015
10922091016
10922091017
10922091018
10922091019
10922091022
10922092016
10922092017
10922092018
10922092019
10922093015
10922093016
10922093017
10922093022
10922098006
10922098007
10922098008
10922098009
10922098010
10922099006
10922099007
10922122009
10922433017
10922433018
10922433019
10922433020
10922433022
10922487001
10922487002
10922487003
10922487004
10922487005
10922627001
10922627003
10922627005
10922632003
10922632004
10922632005
10922632006
10922736002
10922736004
10922736005
10923679001
10923683001
10923685001
10923688001
10923689001
10923690001
10923694001
10923699002
10923699003
10922433016
10922122010
10922191015
10922191016
10922191018
10922191019
10922191020
10922193014
10922193017
10922193018
10922193020
10922193022
10922284016
10922284017
10922284018
10922284019
10922284020
10922284022
10922314016
10922314017
10922314018
10922314020
10922314022
10922421014
10922421015
10922421016
10922421017
10922421018
10922421019
10922421020
10922421022
10922433014
10922433015
10930840016
10930863003
10930840015
10930840011
10930836013
10930836012
10930836011
10930836010
10930836006
10930863004
10930863005
10930863006
10930864003
10930864004
10930822011
10930822012
10930822013
10931040002
10931040003
10931040004
10931040005
10931049004
10931049005
10931050004
10931050005
10931065004
10931084013
10931091003
10931091006
10930990014
10930990016
10930990017
10930990018
10930990021
10930992014
10930992015
10930992016
10930992017
10930992018
10930992019
10930992020
10930992021
10930992023
10925866004
10925866005
10926945001
10926946002
10926946003
10926946004
10926953001
10927438014
10927438015
10927438016
10927438018
10927438020
10927438021
10927455014
10927455015
10927455016
10927455017
10927455018
10927455019
10927455020
10927455021
10927455022
10925866003
10925752003
10925752004
10925773006
10925773008
10925773010
10925773012
10925776001
10925776002
10925776003
10925777002
10925777003
10925777004
10925777005
10925783002
10925783003
10925783004
10925783005
10925784002
10925784003
10925784004
10925784005
10925787002
10925787003
10925787004
10925787005
10925789002
10925789003
10925789004
10925789005
10925791001
10925866002
10930745013
10930745014
10930745015
10930745017
10930745018
10930781010
10930781011
10930781018
10930781019
10930790010
10930790011
10930790012
10930790013
10930790014
10930790015
10930790016
10930807013
10930745011
10930662010
10930662019
10930745010
10920150004
10911280012
10911280014
10911280015
10911276016
10911276013
10911281017
10911282009
10911282010
10911282014
10911356003
10911356004
10911273017
10911470014
10911470015
10911470016
10911470017
10911470018
10911470020
10911470012
10911374003
10911423009
10911423010
10911423011
10911429016
10911429017
10911429018
10911446002
10911446003
10911446004
10911446005
10911470011
10910686002
10910686003
10910686004
10910686006
10909103009
10909103010
10909103011
10909103012
10909104002
10909104004
10909104006
10909104008
10909104009
10909104010
10909104011
10909104012
10909105002
10909105003
10909105004
10909105005
10909105006
10909105007
10909105008
10909105009
10909106002
10909106007
10909106008
10909106009
10909117002
10909117003
10911042009
10911042010
10911042011
10911042012
10911042013
10911045001
10911045002
10911045003
10911045004
10911045020
10911045021
10911045022
10911045023
10911045024
10911045025
10911042008
10910996013
10910996014
10910996016
10910996017
10910996018
10911042006
10911042007
10919513001
10919513002
10919496004
10919496003
10919513003
10919514001
10919514002
10919496002
10919496001
10919495003
10919495002
10919495001
10919494004
10919494003
10919494002
10919514003
10919514004
10919519001
10919519002
10919519003
10919520001
10919520002
10919521001
10919521002
10919521003
10919525001
10919525002
10919525003
10919525004
10919526001
10919526002
10919494001
10919455003
10919455004
10919455007
10919458006
10919459003
10919459004
10919459006
10919459007
10919461003
10919462003
10919480001
10919480002
10919480003
10919480004
10919481001
10919481002
10919481003
10919482002
10919482003
10919483002
10919483003
10919491001
10919491002
10919526003
10920142002
10920142003
10920142004
10920143001
10920143002
10920143003
10920144002
10920144003
10920144004
10920144005
10920145002
10920145003
10920145004
10920145005
10920146002
10920146003
10920146004
10920146005
10920147002
10920147003
10920147004
10920147005
10920148002
10920148003
10920148004
10920148005
10920149002
10920149003
10920149004
10920149005
10920150002
10920150003
10920142001
10919526004
10919536001
10919536002
10919536003
10919536004
10919572001
10919572002
10919572003
10919572004
10919573001
10919573002
10919573003
10919573004
10919641001
10919865011
10919866008
10919866009
10919866010
10920136002
10920136004
10920136005
10920137002
10920137003
10920137004
10920138002
10920138004
10920140002
10920140003
10920141003
10913580002
10913580003
10913580004
10913608001
10913627002
10913627003
10913627004
10913627005
10913628002
10913628003
10913628004
10913628005
10913676002
10913676003
10913676004
10913676005
10916404003
10916404004
10916404006
10916404021
10916404023
10916404024
10916404025
10916650010
10916978002
10916978003
10916978004
10913580001
10911674006
10911709003
10911709004
10911709005
10913171001
10913172001
10913561001
10913563001
10916978005
10919370003
10919370004
10919370005
10919407002
10919410002
10919422003
10919422004
10919437003
10919437004
10916978006
10917062001
10917062003
10917062004
10917062021
10917062023
10917062024
10917062025
10917063001
10917063003
10917063023
10917416001
10917419001
10917420001
10917421001
10917425001
10713675001
10715319003
10713673001
10713665001
10715319004
10715319005
10715321002
10715321003
10712974001
10712973001
10712178004
10712178003
10712178002
10712178001
10715324003
10715325002
10715325003
10715325004
10715325005
10715330002
10715330003
10715330004
10715465003
10715891002
10715891003
10715891004
10715891005
10715893002
10715893003
10709910023
10710199001
10710316003
10710316004
10710316005
10710317002
10710317003
10710317004
10710317005
10715893004
10715926005
10715926006
10715933004
10715934005
10715935002
10715935003
10715935004
10715935005
10715954006
10715954007
10715954010
10716430002
10716430003
10716430004
10716430005
10716430006
10715926004
10715893005
10715894002
10715894003
10715894004
10715894005
10715895002
10715895003
10715895004
10715895005
10715896002
10715896003
10715896004
10715896005
10715897002
10715897003
10715897004
10715897005
10715898002
10715898003
10715898004
10715898005
10715899002
10715899003
10715899004
10715899005
10715905002
10715905003
10715905004
10715905005
10715926003
10709910019
10696750005
10696770005
10696922001
10697560001
10696750004
10693687019
10694352001
10694357001
10695926001
10696145002
10696145003
10696145004
10696145005
10696307009
10696307011
10696307013
10696307015
10696307017
10696546001
10696546002
10696546003
10696546004
10696547001
10696547002
10696547003
10696547004
10696750002
10696750003
10700162001
10706109004
10706109005
10706109006
10708427001
10708456002
10708477002
10708477003
10708477004
10708477005
10709790001
10709800013
10709800015
10709800017
10709849002
10709849003
10709849004
10709849005
10709910013
10709910015
10709910017
10706109003
10700265001
10700265002
10700265003
10700265004
10700265005
10700271001
10700271002
10700271003
10700271004
10700271005
10700271006
10700271007
10700273001
10700273002
10700273003
10700273004
10700273005
10700273007
10700274001
10700274002
10700274003
10700274004
10700274005
10700274007
10706081003
10706081006
10706081007
10706102003
10706102004
10706102005
10706102006
10706102007
10729564016
10729564017
10729564015
10729564014
10729564018
10729564019
10729564020
10729564021
10729401018
10729401017
10729401016
10729401015
10729401014
10729401013
10729401012
10729401011
10729564022
10729564023
10729565014
10729565015
10729565016
10729565017
10729565018
10729565019
10729565020
10729565021
10729565022
10729565023
10729565025
10729612003
10729401010
10729285015
10729285016
10729285017
10729285018
10729615003
10735008004
10735039001
10735109003
10735109004
10735109005
10735109006
10742156012
10742156013
10742156014
10744789001
10745042004
10745042005
10745043004
10745043005
10745043006
10745043007
10746300001
10746301001
10746705010
10746705011
10746705012
10746705013
10746705015
10746705016
10746705017
10735008002
10729615004
10732757011
10732757012
10732757013
10732757014
10732757015
10732757016
10732757017
10733689001
10733712001
10734330001
10734330002
10734330003
10734330004
10734330005
10734337001
10734337002
10734337003
10734337004
10734337005
10734994002
10734994004
10734994006
10734994008
10734995002
10734995004
10734995006
10734995008
10735004001
10735004002
10735004003
10735004004
10729285014
10717403017
10718901001
10718901002
10718901003
10718901004
10718931002
10718931003
10718931004
10718931005
10718931006
10718969001
10718969002
10718969003
10718969004
10718980001
10718980002
10718980003
10718980004
10719310003
10719551001
10719552001
10716792002
10716792003
10716792004
10716792005
10716797002
10716797003
10716797004
10716797005
10716797006
10716986001
10717097002
10717097003
10717097004
10717097005
10717109001
10717218002
10717218003
10717218005
10719568001
10727636003
10727636004
10727636005
10728847001
10729280015
10729280016
10729280017
10729280018
10729280019
10729280020
10729280023
10729281013
10729281014
10729281015
10729281016
10729281017
10729281018
10729281019
10729281020
10729281021
10729281023
10729285010
10729285011
10729285012
10729285013
10727636002
10719570001
10720224004
10720224005
10720224006
10720224007
10720417001
10720422001
10721703001
10726067009
10726067010
10726067011
10726067012
10726067013
10726067014
10726067015
10726067016
10726067017
10726977004
10726977005
10726977006
10726977007
10727356001
10727607001
10727607002
10727608001
10727609001
10727629002
10727629003
10727629004
10727636001
10693687017
10511472001
10511550001
10511470001
10511404001
10511577001
10511584001
10511585001
10511586001
10511397001
10511396001
10510165005
10510165004
10510165003
10510165002
10510165001
10509986001
10511587001
10511921001
10511922001
10511963001
10511964001
10512196001
10512197001
10531544001
10531544002
10531544003
10532663001
10532663002
10532663003
10532664002
10532664003
10532665001
10509675005
10284690002
10284690003
10284690004
10284691003
10284691004
10284692003
10284692004
10284693003
10284693004
10284694003
10284694004
10284695002
10284695003
10284695004
10320708001
10455530001
10455776001
10456174001
10509550001
10509550002
10509550003
10509550004
10509550005
10509675001
10509675002
10509675003
10509675004
10532665002
10596269002
10596269003
10596269004
10596269005
10597561002
10597561003
10597561004
10597561005
10597566002
10597566003
10597566004
10597566005
10597567002
10597567003
10597567004
10597567005
10597641002
10597641003
10597641004
10597641005
10597643003
10597643004
10597643005
10597705002
10597705003
10597705004
10596268005
10532665003
10535399001
10558641001
10558864001
10559215001
10559352001
10559374001
10559607001
10559781001
10566019001
10567843001
10569127001
10569127002
10569173002
10569173003
10590042002
10590042003
10590042004
10596264003
10596264004
10596264005
10596265003
10596265004
10596265005
10596265007
10596268002
10596268003
10596268004
10085545001
10129659002
10129659003
10129659004
10171417001
10178160002
10186061004
10186061005
10186061006
10186061007
10186061008
10186061009
10186061010
10186061011
10186061012
10186061013
10186061015
10186716001
10186717001
10193727001
10200051007
10200051008
10200051009
10200052007
10200052008
10200052009
10200071008
10200071009
10066135001
10066741003
10066741004
10066742003
10066742004
10066743003
10066743004
10066919002
10066919003
10066919004
10066919005
10066920002
10066920003
10066920004
10067436001
10080354001
10080398001
10080532001
10080533001
10080537001
10080538001
10080547001
10080547002
10080552004
10080804001
10200072007
10274408002
10274408003
10274408004
10274409003
10274409004
10275464001
10275494001
10275495001
10284047006
10284047007
10284047008
10284047009
10284047010
10284047011
10200072008
10200072009
10205917001
10209173001
10209175001
10209176001
10209178001
10211535001
10211535002
10211535003
10211536001
10211536003
10242985001
10244375002
10244375003
10244375004
10244375005
10245052001
10246693001
10264652001
10264653001
10264674001
10264675001
10264679001
10677196017
10677196018
10677196016
10677196015
10677196019
10677196020
10677196021
10677196023
10677196014
10677196013
10675469001
10675463001
10675197001
10675191001
10675058001
10672536001
10677249002
10677249003
10677249004
10677249005
10672535001
10635119001
10635119002
10635582001
10635583001
10635585001
10635730001
10664318001
10670887002
10670887003
10670887004
10670887005
10671096002
10671096003
10671096004
10671096005
10671947003
10671947004
10672023003
10672023004
10672023005
10672044001
10672060001
10672156001
10672159001
10672533001
10682284004
10682284005
10682288003
10682335001
10682345001
10682364001
10682365001
10682723001
10682725001
10682728001
10682730001
10682733001
10692421001
10692421002
10692421003
10692563001
10692563002
10692563003
10693687011
10693687013
10693687015
10682284003
10678684003
10678684004
10678685003
10678685004
10678686002
10678686003
10678686004
10681826001
10681826002
10681826003
10681826004
10681838001
10681838002
10681838003
10681838004
10681955001
10681955002
10681955003
10681955004
10681988001
10681988002
10681988003
10682267001
10682267002
10682267003
10682267004
10682279001
10682279002
10682279003
10682279004
10682284002
10633367005
10613925001
10614528003
10614528004
10615732001
10615737001
10615828001
10620269001
10620709001
10620709003
10620956001
10620956002
10620956003
10620959001
10620959002
10620959003
10624824003
10624824004
10624824005
10624827003
10624827004
10624827005
10613775004
10597708002
10597708003
10597708004
10597708005
10597823001
10597823002
10597823003
10597823004
10597825001
10597825002
10597825003
10597825004
10597828001
10597828002
10597828003
10597828004
10599633001
10600819001
10600819002
10601071001
10601071003
10604213001
10610617006
10610617008
10610617009
10613775002
10613775003
10627762002
10627762003
10627762004
10627764001
10627764002
10627764004
10627770001
10627770002
10627770003
10627770004
10627770007
10627780001
10627780002
10627780003
10627780004
10632919004
10632919005
10632919006
10632919007
10632919009
10632919012
10633277002
10633277003
10633277004
10633277005
10633277006
10633277007
10633277010
10633367002
10633367003
10633367004
10627762001
10624830002
10624830003
10625763003
10625763004
10625764002
10625764003
10625764004
10625764005
10625765002
10625765003
10625765004
10627183003
10627186003
10627186004
10627226002
10808913004
10808913005
10808913003
10808913002
10809118001
10809118003
10809118004
10808912005
10808912004
10808912003
10808912002
10808876020
10808876019
10808876018
10808876017
10809118005
10809225010
10809225011
10809225012
10809225013
10809225014
10809225015
10809225016
10809225017
10809225018
10808876016
10806708002
10806708004
10807848001
10807926002
10807926003
10807926004
10807926005
10807927002
10807927003
10807927004
10807927005
10808806002
10808806003
10808806004
10808806005
10808834013
10808834015
10808834017
10808834019
10808876010
10808876011
10808876012
10808876013
10808876014
10808876015
10809468001
10809495001
10809781002
10809781003
10809781004
10809781005
10809784002
10809784003
10809784004
10809784005
10809784006
10809785003
10809785004
10809788002
10809350001
10809350002
10809350003
10809350004
10809366002
10809366003
10809366004
10809416013
10809416014
10809416015
10809416016
10806708001
10803756001
10803756002
10803756003
10803756004
10803815001
10803815002
10803815003
10803815004
10803817001
10803817002
10803817003
10803817004
10803821001
10803821002
10803821003
10803821004
10803350001
10803350002
10803350003
10803350004
10803411013
10803411014
10803411015
10803411016
10803411017
10803411018
10803411019
10803411023
10803421013
10803421020
10804430003
10804430004
10804431003
10804431004
10804433003
10804433004
10805215001
10805217001
10805234001
10805236001
10806300001
10806337001
10806344006
10806344007
10806344008
10806344009
10806344010
10806360002
10806360003
10806360004
10806397001
10806397002
10809788003
10820808004
10820808005
10820808003
10820808002
10820809002
10820809003
10820809004
10820809005
10820807005
10820807004
10820807003
10820807002
10820792003
10820792002
10820792001
10820789004
10820839005
10825533001
10825999001
10826228002
10826228003
10826228005
10826798002
10826798003
10826798004
10826799002
10820789003
10820236002
10820236003
10820236004
10820239002
10820239003
10820241002
10820241003
10820241004
10820241005
10820242002
10820242003
10820242004
10820245002
10820245003
10820245004
10820245005
10820246002
10820246003
10820246004
10820246005
10820258001
10820293001
10820739002
10820739003
10820739004
10820778004
10820778005
10820787001
10820787002
10820787003
10820789002
10826799003
10837037018
10837037019
10837037020
10837153001
10837157001
10837159001
10837160001
10837161001
10837785011
10837785012
10837785013
10837785015
10837785016
10837785018
10838082003
10838082005
10838082006
10838238004
10838238005
10838238006
10838372013
10838372014
10838372015
10838372016
10838372017
10838372018
10838372019
10838372020
10838372021
10838372022
10838372023
10838687015
10837037017
10826799004
10826799005
10826804002
10826804003
10826804004
10826804005
10826822002
10826822003
10826822004
10826822005
10826836002
10826836003
10826836005
10826837001
10826837002
10826837003
10826837004
10826975004
10826982001
10826983001
10826987001
10826987002
10827000001
10827006001
10827007001
10827015001
10827023001
10827024001
10832011001
10837037014
10837037015
10837037016
10810046001
10810046002
10810046003
10810046004
10810064001
10810064002
10810064003
10810064004
10810066002
10810066003
10810066004
10810106003
10810106004
10810198002
10810198003
10810198004
10810198005
10810199002
10810199003
10809788004
10809788005
10809798002
10809798004
10809798005
10809799002
10809799003
10809799004
10809800002
10809800003
10809800004
10809800005
10809801002
10809801003
10809801004
10809804002
10809804003
10809804004
10809804005
10809805002
10809805004
10809805005
10810199004
10817563003
10817563004
10817565003
10817565004
10817566003
10817566004
10817566005
10817567002
10817567003
10817567004
10817569003
10817569004
10817571003
10817571004
10819986001
10820000001
10810199005
10812556002
10812566001
10812567001
10812602001
10812602002
10812602004
10812774001
10812775001
10812881004
10813325002
10813325003
10813325004
10813325005
10813374001
10813375001
10813376001
10813740006
10813740007
10813740008
10813740009
10813740010
10813740011
10759560012
10759946009
10759560011
10759560010
10759946010
10759946011
10759946012
10759946013
10759560009
10759560007
10759559018
10759559017
10759559016
10759559015
10759559014
10759559013
10759946014
10759946015
10759946016
10759946017
10759946018
10761056011
10768137003
10768137004
10768137005
10774706001
10774720001
10774721001
10779682001
10779684001
10759559012
10758951002
10758951003
10758951004
10758952002
10758952003
10758952004
10758952005
10759478003
10759478004
10759559010
10759559011
10779684002
10782582016
10782582017
10782582018
10782644002
10782644003
10782644004
10782644005
10782863001
10782863002
10782863003
10782863004
10782865001
10782865002
10782865003
10782865004
10782872002
10782872003
10782872004
10782873001
10782873003
10782873004
10782911001
10782911002
10782911003
10782911004
10782582015
10779684003
10782582009
10782582010
10782582011
10782582012
10782582013
10782582014
10748127002
10748129002
10748129003
10748163001
10748164001
10748457001
10748457002
10748457003
10748457004
10748641001
10748641002
10748641003
10748641004
10748842004
10748842005
10748842006
10748842007
10749429001
10749429002
10749429003
10749475001
10753613003
10753613004
10753613005
10753613006
10755204004
10755204005
10755204006
10755204007
10757363001
10757435004
10747582004
10746834001
10746836001
10747047001
10747578002
10747578003
10747580003
10747580004
10747581003
10747581004
10747582003
10757435006
10757435007
10757436004
10757436005
10757436006
10757436007
10757631001
10757631002
10757631003
10757631004
10757631005
10757631008
10757776001
10758238003
10758238004
10758239003
10758239004
10758239005
10758240002
10758240003
10758240004
10758240005
10758254002
10758254003
10758254004
10758254005
10782913002
10790938002
10790938003
10790696006
10790696005
10790938004
10790938005
10794639001
10795428005
10790696004
10790696003
10790695006
10790695005
10790695004
10790695003
10790019001
10789889001
10795428009
10795431002
10795431003
10795431004
10795431005
10795431006
10795431007
10795431008
10795431009
10795475001
10795475002
10795475003
10796306002
10796306003
10796306004
10796306005
10789622016
10786557024
10786557026
10787075015
10787075016
10787075017
10787075018
10787075019
10787216002
10787216003
10787216020
10787216021
10787216023
10787216024
10787216026
10787784001
10788898002
10788898004
10789616014
10789616015
10789616016
10789616017
10789616018
10789616019
10789616020
10789616021
10789616022
10789622010
10789622011
10789622012
10789622013
10789622014
10789622015
10797660001
10797668001
10797908002
10797908004
10797908005
10797945002
10797945003
10797945004
10797945005
10797955002
10797955003
10797962001
10797962002
10797962003
10797962004
10797962005
10797969001
10797971001
10798000002
10798000003
10798000004
10799836001
10799848002
10799848003
10799848004
10799848005
10802929002
10802929003
10802929004
10802929005
10802929006
10786557023
10784714001
10784714002
10784714003
10784714004
10785554002
10785560005
10785632005
10786442002
10786442003
10786442005
10786442020
10786442021
10786442023
10786442024
10786442026
10786444011
10786444012
10786444013
10786444014
10786444015
10786444017
10784671004
10782913003
10782913004
10782964002
10782964003
10782964004
10782964005
10783684001
10784228001
10784249001
10784434003
10784434004
10784434005
10784434006
10784435003
10784435004
10784435005
10784435006
10784671001
10784671002
10784671003
10786444019
10786554002
10786554003
10786554005
10786554006
10786554007
10786554008
10786554009
10786554010
10786554011
10786554020
10786554021
10786554023
10786554024
10786554026
10786557002
10786557003
10786557005
10786557006
10786557007
10786557008
10786557009
10786557010
10786557011
10786557020
10786557021
10786544026
10786539002
10786539003
10786539005
10786539020
10786539021
10786539023
10786539024
10786539026
10786540002
10786540003
10786540005
10786540007
10786540008
10786540009
10786540010
10786540011
10786540012
10786540013
10786540020
10786540021
10786540023
10786540024
10786540026
10786544002
10786544003
10786544005
10786544020
10786544021
10786544023
10786544024
10964298002
10964298003
10964298004
10964303014
10964289005
10964289004
10964289003
10964289002
10964277004
10964277003
10964201001
10964260013
10964260014
10964260016
10964260017
10964260018
10964277001
10964277002
10964327007
10964327009
10964327011
10964327013
10964345013
10964345014
10964345015
10964345016
10964345017
10964345018
10964345019
10964345021
10964345023
10964349001
10964349002
10964349003
10964349004
10964351016
10964352002
10964352005
10964353002
10964353005
10964327005
10964312010
10964312012
10964312013
10964312014
10964312015
10964312016
10964312017
10964312018
10964317001
10964317002
10964317003
10963265002
10963265003
10963265004
10963265005
10963118004
10963155002
10963155003
10963155004
10963155005
10963158005
10963165001
10963165002
10963165003
10963165004
10963166001
10963166002
10963166003
10963166004
10963311005
10963316001
10963316002
10963316003
10963316004
10963322004
10963332013
10963332015
10963332016
10963311004
10963311002
10963311003
10964354002
10964527003
10964527004
10964527002
10964527005
10964529004
10964525005
10964525004
10964525003
10964525002
10964542002
10964542005
10964543002
10964543003
10964543004
10964547003
10964547004
10964547005
10964469003
10964481001
10964481002
10964481003
10964481004
10964614001
10964614003
10964614004
10965636001
10965637001
10965638002
10965638003
10965638004
10965638005
10965640001
10965640002
10965640003
10966678003
10966678004
10966678005
10966678006
10966681005
10966681006
10966707011
10967206002
10967212006
10967212007
10967212008
10967212009
10967212010
10967213006
10964570001
10964469001
10964382001
10964382002
10964382003
10964382004
10964384001
10964384003
10964385001
10964385002
10964385003
10964389003
10964389004
10964390003
10964390004
10964354004
10964361003
10964361004
10964361007
10964361008
10964361009
10964361010
10964364001
10964364003
10964364005
10964364007
10964364009
10964364011
10964369001
10964369002
10964369003
10964369004
10964375001
10964375002
10964375003
10964375004
10964375005
10964390005
10964409004
10964438004
10964438005
10964468002
10964392002
10964392003
10964392004
10964394002
10964394003
10964394004
10964394005
10964402002
10964402003
10964402004
10964406002
10964406003
10963118003
10962762023
10962762021
10962762020
10962762019
10962762018
10962762017
10962762016
10962762015
10962769006
10962769007
10962769008
10962769009
10962769010
10962762014
10962744018
10962744019
10962744020
10962744021
10962744023
10962752002
10962752003
10962753002
10962753003
10962753004
10962753005
10962760015
10962760018
10962760023
10962761018
10962762013
10962821013
10962821014
10962821015
10962821016
10962821017
10962821018
10962821019
10962821020
10962821023
10962822013
10962822016
10962822017
10962822018
10962822019
10962822020
10962822023
10962823013
10962823015
10962823016
10962823017
10962823018
10962823019
10962823021
10962823023
10962825010
10962825011
10962825012
10962799001
10962799004
10962800006
10962801005
10962811001
10962811002
10962811003
10962813010
10962813011
10962813012
10962813013
10962813014
10962813015
10962813016
10962813017
10962813018
10962744017
10962676001
10962676002
10962676003
10962676004
10962691013
10962691014
10962691016
10962691017
10962646010
10962646011
10962646012
10962646013
10962646014
10962646015
10962646016
10962646018
10962647002
10962647003
10962647004
10962647005
10962649002
10962649003
10962649004
10962649005
10962672002
10962672003
10962672004
10962672005
10962673002
10962673003
10962673004
10962737015
10962737016
10962737017
10962737018
10962737019
10962737020
10962737021
10962737023
10962741010
10962741013
10962741015
10962741018
10962744016
10962737013
10962703023
10962704010
10962704015
10962704016
10962704017
10962709002
10962709003
10962709004
10962710001
10962710002
10962710003
10962710004
10962736016
10962736017
10962736018
10962736019
10962736023
10962825013
10962981003
10962975003
10962975002
10962925002
10962925003
10962925004
10962931001
10962931002
10962931003
10962931004
10962931005
10962935001
10962935002
10962935003
10962946001
10962946002
10962946003
10962946004
10962948001
10962948002
10962948003
10962948004
10963106002
10963106003
10963106004
10963106005
10963108002
10963117002
10963117004
10963117005
10963118002
10962925001
10962855014
10962855018
10962855020
10962855022
10962855024
10962867003
10962825014
10962825015
10962825016
10962825017
10962825018
10962826010
10962826011
10962826012
10962826013
10962826014
10962826015
10962826016
10962826017
10962829010
10962829011
10962829012
10962829013
10962829014
10962829015
10962829016
10962829017
10962829018
10962831013
10962831014
10962831015
10962831016
10962831017
10962831018
10962831019
10962831020
10962831021
10962831023
10962867004
10962897003
10962899001
10962899002
10962900003
10962910002
10962910004
10962910005
10962911002
10962911003
10962911004
10962918002
10962918003
10962867005
10962871002
10962871003
10962871004
10962887001
10962887002
10962887003
10962887004
10962891002
10962891005
10962892001
10962892002
10962892003
10962892004
10967213007
10973058017
10973058019
10973058015
10973054021
10973058021
10973059015
10973059017
10973059019
10973054019
10973054017
10973054015
10973053023
10973053021
10973053019
10973053017
10973053015
10973059021
10973059023
10973060015
10973060017
10973060019
10973060021
10973060023
10973061015
10973061017
10973061019
10973062015
10973062017
10973062019
10973062021
10973062023
10973063015
10973033019
10971730002
10971730003
10971730004
10971737001
10971737002
10971737003
10971737004
10971738001
10971738002
10971738003
10971738004
10971750001
10971750002
10971750003
10971750004
10971751001
10971751002
10971751003
10971751004
10971758001
10971758002
10971758003
10971758004
10973024001
10973025001
10973025003
10973026001
10973027001
10973032015
10973032017
10973032023
10973033015
10973063017
10973086011
10973086013
10973086015
10973086017
10973088011
10973088013
10973088015
10973088017
10973090011
10973090013
10973090015
10973090017
10973091011
10973091013
10973091015
10973092011
10973092013
10973092015
10973092017
10973116005
10973120005
10973146003
10973229001
10973232001
10973333003
10973333006
10973337002
10973337003
10973081017
10973063019
10973063021
10973063023
10973064015
10973064017
10973064019
10973064021
10973064023
10973065015
10973065017
10973065019
10973065021
10973065023
10973075011
10973075013
10973075015
10973075017
10973076011
10973076013
10973076015
10973076017
10973079011
10973079013
10973079015
10973079017
10973080011
10973080013
10973080015
10973080017
10973081011
10973081013
10973081015
10971730001
10971533004
10971550001
10971550002
10971550003
10971550004
10971551001
10971551002
10971551003
10971551004
10971555002
10971555003
10971555004
10971555005
10971555006
10971564002
10971564003
10971564004
10971564005
10971565002
10971565003
10971565004
10971565005
10971593002
10971593003
10971593004
10971593005
10971594002
10971594003
10971485004
10971486002
10971486003
10971486004
10971486005
10971486006
10971487002
10971487003
10971487004
10971487005
10971487006
10971489001
10971489002
10971489003
10971489004
10971492001
10971492002
10971492003
10971492004
10971500001
10971500002
10971500003
10971500004
10971519002
10971519003
10971519004
10971519005
10971519006
10971527002
10971594004
10971687001
10971687002
10971687003
10971687004
10971688001
10971688002
10971688003
10971688004
10971698001
10971698002
10971698003
10971698004
10971703001
10971703002
10971703003
10971703004
10971709001
10971709002
10971709003
10971709004
10971723001
10971723002
10971723003
10971723004
10971725001
10971725002
10971725003
10971725004
10971729001
10971729002
10971729003
10971729004
10971676004
10971594005
10971595002
10971595003
10971595004
10971595005
10971596002
10971596003
10971596004
10971596005
10971610002
10971610003
10971610004
10971610005
10971620002
10971620003
10971620004
10971620005
10971621002
10971621003
10971621004
10971621005
10971671002
10971671003
10971671004
10971671005
10971671006
10971673002
10971673004
10971676002
10973337004
10973572020
10973572021
10973572019
10973572018
10973575013
10973575014
10973575015
10973572017
10973572016
10973572015
10973572014
10973572013
10973575016
10973575017
10973575018
10973575019
10973575020
10973575021
10973575023
10973589001
10973589003
10973589024
10973589026
10973589028
10973637013
10973637014
10973637015
10973637016
10973637017
10973637018
10973637019
10973637020
10973637021
10973637023
10973579013
10973579014
10973579015
10973579016
10973579017
10973579018
10973579019
10973579020
10973579021
10973579022
10973579023
10973581013
10973581015
10973581017
10973581018
10973581019
10973581020
10973581021
10973401004
10973420001
10973425001
10973441013
10973441014
10973441015
10973441016
10973441017
10973441018
10973441019
10973441021
10973442013
10973442014
10973442015
10973442016
10973442017
10973442018
10973442019
10973442023
10973443014
10973443017
10973444014
10973444016
10973444018
10973446001
10973453001
10973453002
10973453003
10973401003
10973337005
10973337006
10973337007
10973338002
10973338003
10973338004
10973338005
10973338006
10973338007
10973339001
10973339002
10973339003
10973341001
10973341002
10973341003
10973341004
10973343002
10973343003
10973343004
10973343005
10973359002
10973359003
10973359004
10973359005
10973378002
10973378003
10973378004
10973401001
10973401002
10973504004
10973528011
10973528012
10973528013
10973528014
10973528015
10973528016
10973528017
10973528018
10973534001
10973504003
10973461013
10973461014
10973461016
10973461017
10973461018
10973461019
10973490013
10973490015
10973490016
10973490017
10973490019
10973490020
10973492004
10973492005
10973501001
10973501002
10973501003
10973501004
10973503001
10973503002
10973503003
10973503004
10973504001
10973504002
10971485003
10968573002
10968575014
10968518005
10968518004
10968576009
10968576010
10968490005
10968490004
10968490003
10968490002
10968274026
10968274024
10968274023
10968274021
10968576011
10968590015
10968595001
10968595003
10968595004
10968595006
10968595021
10968595023
10968595024
10968595025
10968596013
10968596015
10968596017
10968596018
10968596019
10968634001
10968274020
10967423005
10967424002
10967424003
10967424004
10967425001
10967428002
10967428003
10967428004
10967428005
10967429002
10967429003
10967429004
10967429005
10967433002
10967433003
10967433004
10967433005
10967434002
10967434003
10967434004
10967434005
10967437002
10967437003
10967437004
10967437005
10967854001
10967858001
10968248016
10968274002
10968274003
10968274005
10968665002
10969233006
10969253003
10969253004
10969253005
10969269002
10969269003
10969269004
10969269005
10969388001
10969388003
10969398015
10969398016
10969398017
10969398018
10969398019
10969398020
10969398021
10969398023
10969398025
10969400015
10969400016
10969400017
10969400018
10969400019
10969400020
10969400021
10969400023
10969400025
10969401015
10969401016
10969401017
10969401018
10969233005
10968665003
10968665004
10968665005
10968671023
10968846002
10968848002
10968850002
10968999001
10969000001
10969005001
10969013002
10969013003
10969013004
10969013005
10969018001
10969027001
10969027002
10969027003
10969231002
10969231003
10969231004
10969231005
10969232002
10969232003
10969232004
10969232005
10969232006
10969233002
10969233003
10969233004
10967423004
10967296005
10967296006
10967309002
10967309003
10967309004
10967309005
10967310002
10967310003
10967310004
10967339002
10967339003
10967339004
10967339005
10967340002
10967340003
10967340004
10967340005
10967344015
10967344016
10967344017
10967344019
10967344020
10967344021
10967345011
10967345012
10967345013
10967345015
10967345017
10967296004
10967213008
10967213009
10967213010
10967214001
10967237002
10967237003
10967237004
10967237005
10967238002
10967238003
10967238004
10967238005
10967271002
10967271003
10967271004
10967271005
10967287002
10967287003
10967287004
10967287005
10967291006
10967291007
10967291008
10967291009
10967291010
10967294003
10967294004
10967294005
10967294006
10967296003
10967345019
10967381004
10967381005
10967381006
10967382003
10967382004
10967382005
10967382006
10967386002
10967386003
10967386004
10967391003
10967391004
10967391005
10967391006
10967392003
10967392004
10967392005
10967392006
10967405002
10967405003
10967405004
10967405005
10967411003
10967411004
10967411005
10967411006
10967413003
10967413004
10967413005
10967413006
10967423002
10967423003
10967381003
10967357003
10967357004
10967357005
10967357006
10967358003
10967358004
10967358005
10967358006
10967361003
10967361004
10967361005
10967361006
10967362003
10967362004
10967362005
10967362006
10967363003
10967363004
10967363005
10967363006
10967364003
10967364004
10967364005
10967364006
10967374003
10967374004
10967374005
10967374006
10967380003
10967380004
10967380005
10967380006
10969401019
10971425002
10971425003
10971402005
10971402004
10971425004
10971425005
10971425006
10971428002
10971402003
10971402002
10969528001
10969450005
10969450004
10969450003
10969449005
10971428003
10971428004
10971428005
10971428006
10971429002
10971429003
10971429004
10971429005
10971430003
10971430004
10971430005
10971434002
10971434003
10971434004
10971434005
10971441002
10969449004
10969441003
10969441004
10969441005
10969441006
10969442002
10969442003
10969442004
10969442005
10969443002
10969443003
10969443004
10969443005
10969444003
10969444004
10969444005
10969444006
10969445002
10969445003
10969445004
10969446002
10969446003
10969446004
10969447003
10969447004
10969447005
10969447006
10969448002
10969448003
10969448004
10969448005
10969449002
10969449003
10971441003
10971473003
10971473004
10971473005
10971473006
10971474002
10971474003
10971474004
10971474005
10971474006
10971475002
10971475003
10971475004
10971475005
10971475006
10971476002
10971476003
10971476004
10971476005
10971476006
10971478001
10971478002
10971478003
10971479001
10971479002
10971479003
10971479004
10971484001
10971484002
10971484003
10971484004
10971485001
10971485002
10971473002
10971441004
10971441005
10971445002
10971445003
10971445004
10971445005
10971456002
10971456003
10971456004
10971456005
10971456006
10971458002
10971458003
10971458004
10971458005
10971458006
10971468002
10971468003
10971468004
10971468005
10971468006
10971470002
10971470003
10971470004
10971470005
10971470006
10971472002
10971472003
10971472004
10971472005
10969440006
10969409003
10969409004
10969409005
10969414012
10969414013
10969414014
10969414015
10969414016
10969414017
10969414018
10969416011
10969416012
10969416013
10969416014
10969416015
10969416016
10969416017
10969416018
10969418011
10969418012
10969418013
10969418014
10969418015
10969418016
10969418017
10969418018
10969419011
10969419012
10969419013
10969419014
10969419015
10969419016
10969409002
10969401020
10969401021
10969401023
10969401025
10969402014
10969402015
10969402016
10969402017
10969402018
10969402019
10969402020
10969402021
10969402023
10969402025
10969404003
10969404004
10969404005
10969405003
10969405004
10969405005
10969406003
10969406004
10969406005
10969406006
10969407003
10969407004
10969407005
10969407006
10969408002
10969408003
10969408004
10969408005
10969419017
10969430002
10969430003
10969430004
10969430005
10969431002
10969431003
10969431004
10969431005
10969432002
10969432003
10969432004
10969433003
10969433004
10969433005
10969433006
10969434003
10969434004
10969434005
10969434006
10969435001
10969436001
10969437003
10969437004
10969437005
10969437006
10969438003
10969438004
10969438005
10969438006
10969440003
10969440004
10969440005
10969429006
10969419018
10969422002
10969422003
10969422004
10969422005
10969423002
10969423003
10969423004
10969423005
10969424003
10969424004
10969424005
10969424006
10969425002
10969425003
10969425004
10969425005
10969426002
10969426003
10969426004
10969426005
10969427003
10969427004
10969427005
10969427006
10969428003
10969428004
10969428005
10969428006
10969429003
10969429004
10969429005
10942366016
10942366017
10942366015
10942364025
10942366018
10942366019
10942366023
10942366025
10942364019
10942364018
10942355025
10942355023
10942355020
10942355017
10942355016
10942352025
10942368015
10942368016
10942368017
10942368018
10942368019
10942368020
10942368021
10942368023
10942368025
10942371015
10942371016
10942371017
10942371018
10942371019
10942371023
10942371025
10942352023
10942333022
10942334002
10942334003
10942334005
10942334020
10942334021
10942334023
10942334024
10942335002
10942335003
10942335020
10942335023
10942335026
10942345015
10942345016
10942345017
10942345018
10942345019
10942345020
10942345023
10942348025
10942349015
10942349017
10942349018
10942349021
10942349025
10942352016
10942352017
10942352018
10942352019
10942352020
10942352021
10942373015
10942389016
10942389017
10942389018
10942391013
10942391014
10942392009
10942392010
10942392011
10942392013
10942392014
10942392015
10942392016
10942392017
10942395012
10942395013
10942395014
10942395015
10942395016
10942395017
10942395018
10942404012
10942404013
10942404014
10942404015
10942404016
10942408012
10942408013
10942408014
10942408015
10942408016
10942408017
10942408018
10942389015
10942373016
10942373017
10942373018
10942373020
10942373021
10942373023
10942373025
10942374015
10942374017
10942374018
10942374019
10942374023
10942374025
10942376015
10942376017
10942376018
10942376019
10942381015
10942381016
10942381017
10942381018
10942381019
10942381020
10942381021
10942381023
10942381025
10942388013
10942388014
10942388016
10942389012
10942389013
10942389014
10942333020
10939409005
10939409006
10939411002
10939411003
10939411004
10939411005
10939411006
10939416002
10939416003
10939416004
10939416005
10939416006
10939417002
10939417003
10939417004
10939417005
10939417006
10939452002
10939452003
10939452004
10939452005
10939453002
10939409004
10939396006
10939397002
10939397003
10939397004
10939397005
10939397006
10939398002
10939398003
10939398004
10939398005
10939398006
10939402002
10939402003
10939402004
10939402005
10939405002
10939405003
10939405004
10939405005
10939405006
10939406002
10939406003
10939406004
10939406005
10939406006
10939408003
10939408004
10939408005
10939408006
10939409002
10939409003
10939453003
10940638003
10940638004
10940638005
10940638006
10940639003
10940639004
10940639005
10940639006
10942324012
10942324014
10942324015
10942324016
10942325011
10942325012
10942325013
10942325014
10942325015
10942325017
10942325019
10942329012
10942329013
10942329014
10942329015
10942329016
10942333014
10942333015
10942333016
10942333017
10942333018
10942333019
10940633001
10939453004
10939453005
10939453006
10939456001
10939457001
10939461001
10939469002
10939469003
10939469005
10939495001
10939497001
10939972001
10940504003
10940504004
10940504005
10940504006
10940605001
10940629002
10940629003
10940629004
10940629005
10940630002
10940630003
10940630004
10940630005
10940631001
10940631002
10940631003
10940631004
10942410013
10948900006
10948912002
10948900005
10948900004
10948912003
10948912004
10948912005
10948900003
10948899007
10948899006
10948883005
10949038002
10949038003
10949038004
10949038005
10949040002
10949040003
10949040005
10949051003
10949051004
10949051005
10949051006
10948883004
10947403001
10947405001
10947409001
10947409002
10947409003
10947409004
10948847003
10948847004
10948877013
10948877014
10948877015
10948877016
10948877017
10948877018
10948877019
10948877020
10948877021
10948877023
10948880003
10948880004
10948880005
10950124003
10950132003
10950134002
10950134003
10950134005
10951051002
10951051003
10951051004
10951051005
10951051006
10955296015
10955296017
10955296018
10955296019
10955300005
10955300007
10955300008
10955300009
10955300010
10949067002
10949067005
10949109002
10949109003
10949109004
10949109005
10949109006
10949199002
10949199006
10947332005
10945022004
10945024003
10945024004
10945924001
10945928001
10945929001
10945931002
10945941001
10945952001
10945953001
10945956001
10947236001
10947239001
10947241001
10947242001
10947242003
10947242004
10947243002
10947243004
10947245001
10947246001
10947256002
10947256003
10947256004
10947256005
10947262001
10947262002
10947262003
10947262004
10947264004
10947265002
10945022003
10942410014
10942410015
10942410017
10942410018
10942413012
10942413013
10942413014
10942413015
10942413017
10942413018
10942414012
10942414014
10942414015
10942414016
10942414018
10942418012
10942418013
10942418014
10942418015
10942418016
10942418017
10942418018
10944959003
10944959004
10944959005
10944959006
10945010001
10945013001
10945018003
10945018004
10945021003
10945021004
10947265003
10947313004
10947313005
10947314002
10947314003
10947314004
10947314005
10947315002
10947315003
10947315004
10947315005
10947319002
10947319003
10947319004
10947319005
10947321001
10947321002
10947321003
10947321004
10947325001
10947325002
10947325003
10947325004
10947332001
10947332002
10947332003
10947332004
10947313003
10947265004
10947265005
10947266002
10947266003
10947266004
10947266005
10947269002
10947269003
10947269004
10947269005
10947270002
10947271002
10947271003
10947271004
10947273002
10947273003
10947273004
10947273005
10947273006
10947276002
10947276003
10947276004
10947276005
10947293001
10947294001
10947296002
10947296003
10947296004
10947312002
10947312003
10947312004
10939396005
10931468006
10931471003
10931471004
10931471005
10931471006
10931468005
10931457005
10931457004
10931457003
10931457002
10931455005
10931455004
10931480002
10931480003
10931480004
10931480005
10931481002
10931481003
10931481004
10931481005
10931484002
10931484003
10931484004
10931484005
10931487002
10931498003
10931455003
10931421002
10931421003
10931421004
10931421005
10931594003
10931594004
10931594005
10931707003
10931707005
10931500003
10931500004
10931500005
10931500006
10931517004
10931517006
10931528003
10931528004
10931528005
10931528006
10931532003
10931532004
10931532005
10931532006
10931201020
10931201021
10931201022
10931201023
10931205010
10931205011
10931205012
10931205013
10931205014
10931205015
10931205016
10931205017
10931205018
10931205020
10931213013
10931213014
10931214014
10931214015
10931214017
10931201019
10931200013
10931200014
10931200015
10931200016
10931200017
10931200018
10931200019
10931200020
10931200022
10931201013
10931201014
10931201015
10931201016
10931201017
10931201018
10931298005
10931220015
10931230014
10931231010
10931231011
10931231012
10931231013
10931231014
10931265004
10931265005
10931265006
10939161001
10939162002
10939160001
10939159001
10939162003
10939164003
10939169001
10939170001
10939158003
10939158002
10939139005
10939139004
10939139003
10939139002
10939138005
10939171001
10939172001
10939181001
10939197005
10939197006
10939197007
10939197009
10939197010
10939197011
10939205001
10939206001
10939207001
10939211002
10939211003
10939138004
10939120011
10939121003
10939121004
10939121005
10939121007
10939121009
10939121011
10939125002
10939125003
10939125004
10939128003
10939128004
10939132002
10939132003
10939132004
10939134002
10939134003
10939135002
10939135003
10939135004
10939135005
10939136002
10939136003
10939136004
10939136005
10939136006
10939137002
10939137003
10939137004
10939137005
10939138002
10939138003
10939211004
10939333003
10939333004
10939333005
10939333006
10939353001
10939354001
10939395002
10939395003
10939395004
10939395005
10939396002
10939396003
10939396004
10939315001
10939211005
10939216003
10939216004
10939216005
10939216006
10939242001
10939245004
10939252003
10939252004
10939252005
10939252006
10939265001
10939266001
10939268001
10939305003
10939309002
10939309003
10939309004
10939312001
10939120010
10932178002
10932178003
10932178004
10932178005
10932191003
10932201001
10932201002
10932201003
10932201004
10932215002
10932215003
10932215004
10932215005
10932387003
10932387004
10932387005
10932387006
10933603002
10933603004
10933608001
10933608003
10933615001
10933615003
10938283002
10938283003
10938936003
10938936005
10938936007
10932177005
10931797004
10931797005
10931797006
10931797007
10931805003
10931805004
10931805005
10931805006
10931806004
10931806005
10931824001
10932154002
10932154003
10932154004
10932154005
10932170002
10932170003
10932170004
10932170005
10932177003
10932177004
10938942001
10938989002
10938989003
10938989004
10938989005
10938989006
10938998002
10938998003
10938998004
10938998005
10939000002
10939000003
10939000004
10939003001
10939004001
10939005001
10939015001
10939074001
10939075001
10939076001
10939080001
10939089001
10939095001
10939099001
10939099002
10939099003
10939099004
10939106001
10939120005
10939120006
10939120007
10939120009
10938986001
10938943001
10938944001
10938945001
10938946001
10938949006
10938949008
10938949010
10938949012
10938952001
10938960001
10938961001
10938966002
10938966003
10938966004
10938966005
10938966006
10938974001
10938975002
10938975003
10938975004
10938975006
10938976002
10938976003
10938976004
10938976005
10938976006
10938980001
10955303003
10962283001
10962266020
10962266019
10962266018
10962266017
10962296009
10962297007
10962170003
10962170004
10962170005
10962346014
10962354003
10962354004
10962370001
10962370002
10962370003
10962370004
10962385013
10962385014
10962385015
10962385016
10962385017
10962385018
10962385019
10962385020
10962385021
10962385022
10962385023
10962389010
10962389011
10962389012
10962389013
10962389014
10962389015
10962315013
10962315015
10962315016
10962315017
10962315018
10962315019
10962317010
10962317011
10962317012
10962317013
10962317014
10962317015
10962317017
10962318010
10962318011
10962318012
10962318013
10962318014
10962318015
10962318017
10962170002
10959850003
10959850004
10959850005
10959966004
10959966005
10959966008
10960019003
10960019004
10960019007
10960027003
10960027005
10960075005
10960075007
10960076004
10960076005
10960076008
10960079006
10960086004
10960086005
10960086006
10960086007
10960113003
10960113004
10960113005
10960113006
10959316005
10959316006
10959316007
10959324015
10959324017
10959324019
10959325015
10959325017
10959325019
10959329017
10959329019
10959433007
10959475003
10959532005
10959532006
10959613003
10959613004
10959613005
10959613006
10959627005
10959627006
10959627007
10960525005
10960525006
10960525008
10960612004
10960612005
10960612006
10960612007
10960614004
10960614005
10960614006
10960614007
10960640002
10960640003
10960640004
10960640005
10960640006
10960866002
10960866003
10960866004
10960922002
10960922003
10960922004
10960923002
10960923004
10960525004
10960131003
10960131004
10960131005
10960131006
10960131007
10960180003
10960180005
10960180006
10960180007
10960274004
10960274005
10960274006
10960342004
10960342005
10960342006
10960342007
10960378007
10960389003
10960389004
10960389005
10960389006
10960389007
10960395003
10960395004
10960395005
10960395006
10962389016
10962548010
10962548011
10962548009
10962548014
10962548015
10962553010
10962553011
10962553012
10962553013
10962553014
10962553015
10962553016
10962518003
10962518004
10962527001
10962527002
10962527003
10962545013
10962545014
10962545015
10962545016
10962545017
10962545018
10962545019
10962545020
10962545021
10962545023
10962553017
10962594023
10962596010
10962596011
10962596012
10962596013
10962596014
10962596015
10962596016
10962596017
10962596018
10962594021
10962553018
10962587015
10962587016
10962587017
10962587018
10962587019
10962587020
10962587021
10962587023
10962589013
10962589014
10962589015
10962589018
10962594013
10962594017
10962594018
10962594019
10962594020
10962425005
10962407001
10962389017
10962389018
10962454010
10962454011
10962454012
10962454013
10962456001
10962456002
10962456003
10962456004
10962456005
10962456007
10962456011
10962458005
10962458007
10962458009
10962458011
10962458013
10962458014
10962458016
10962458018
10962467002
10962467003
10962467004
10962483002
10962483003
10962483004
10962483005
10962454009
10962446015
10962446016
10962446017
10962446018
10962446019
10962446020
10962454006
10962454007
10962454008
10959316004
10957182018
10957182017
10957182016
10957182015
10957182014
10957182013
10957182012
10957182011
10957182010
10957182009
10957238014
10957238015
10957238016
10957238017
10957238018
10957238019
10957238020
10957240015
10957240016
10957240017
10957240020
10957240021
10957304014
10957304015
10957304017
10957304018
10957115016
10956845022
10956845023
10956845024
10956884003
10956884004
10956884005
10956888003
10956888004
10956888005
10956891004
10956891005
10956969004
10956969005
10956969006
10956969007
10956979003
10956979004
10956979005
10956997003
10956997004
10956997005
10957000010
10957000011
10957000012
10957000014
10957000016
10957115010
10957115011
10957115012
10957115013
10957115014
10957304019
10957490015
10957490016
10957490017
10957490018
10957490019
10957490020
10957490021
10957496015
10957496016
10957496017
10957496018
10957496020
10957496021
10957496022
10957565010
10957565011
10957565012
10957565013
10957565015
10957565016
10957565017
10957591014
10957591015
10957591016
10957591018
10957591021
10957591022
10957591023
10957660014
10957660015
10957660017
10957660018
10957488016
10957304020
10957374010
10957374011
10957374012
10957374013
10957374014
10957374015
10957374016
10957457014
10957457015
10957457016
10957457017
10957457018
10957457019
10957457020
10957457021
10957457022
10957462014
10957462015
10957462016
10957462017
10957462018
10957462019
10957462020
10957462021
10957462022
10957488010
10957488011
10957488012
10957488013
10957488014
10957488015
10956845020
10955351006
10956700011
10956700012
10956700013
10956700014
10956700015
10956700016
10956702011
10956702012
10956702013
10956702014
10956702016
10956704011
10956704012
10956704013
10956704014
10956704015
10956704016
10956707012
10956707013
10956707014
10956707016
10956710010
10956710011
10956710012
10956710013
10956710014
10956710015
10956710016
10955351005
10955303004
10955303005
10955303006
10955310014
10955310015
10955310016
10955310017
10955310018
10955310019
10955310020
10955310021
10955310022
10955319003
10955319004
10955324002
10955324003
10955324004
10955324005
10955324006
10955326006
10955329002
10955329003
10955329004
10955329005
10955329006
10955351002
10955351003
10955351004
10956712013
10956730015
10956730016
10956730017
10956730019
10956731014
10956731015
10956731016
10956731017
10956731018
10956731019
10956769010
10956769011
10956769012
10956769013
10956769014
10956769015
10956769016
10956814003
10956814004
10956814005
10956814007
10956839010
10956839011
10956839012
10956839013
10956839014
10956839015
10956839016
10956845015
10956845016
10956845018
10956845019
10956730014
10956712014
10956712015
10956712016
10956712021
10956712023
10956713013
10956713014
10956713015
10956713016
10956713017
10956713018
10956713021
10956713023
10956719013
10956719014
10956719015
10956719016
10956719017
10956719019
10956719021
10956719023
10956722013
10956722014
10956722015
10956722016
10956722017
10956722018
10956722019
10956722021
10956722023
10957660019
10958842006
10958868003
10958842005
10958842003
10958868004
10958868005
10958868006
10958868007
10958841013
10958841011
10958837007
10958837005
10958837004
10958837003
10958963007
10958985003
10958987003
10958987004
10958987005
10958987006
10958989004
10958989006
10959000007
10959113005
10959205004
10959205005
10958690004
10958690005
10958690006
10958690007
10958781003
10958781006
10958781007
10958814004
10958814005
10958814006
10958814007
10958818003
10958818004
10958818005
10958818006
10958818007
10958819003
10958819004
10958819005
10958819006
10959207003
10959252007
10959252008
10959253004
10959253005
10959253006
10959261005
10959261006
10959261007
10959261008
10959264003
10959264004
10959264005
10959264006
10959264007
10959270001
10959272005
10959273004
10959273005
10959273007
10959275004
10959275005
10959275006
10959275007
10959275008
10959288004
10959288005
10959288006
10959288007
10959252004
10959207004
10959207005
10959219004
10959219005
10959219006
10959220004
10959220005
10959220006
10959220007
10959221004
10959221005
10959221006
10959233004
10959233005
10959233006
10959233007
10959248003
10959248004
10959248005
10959248006
10959248007
10959249003
10959249004
10959249005
10959249006
10959251004
10959251005
10959251006
10959251007
10959251008
10958675007
10957991015
10957991016
10957991017
10957991018
10957991019
10958211011
10958211012
10958211013
10958211014
10958211015
10958211017
10958225011
10958225013
10958225014
10958324002
10958324003
10958324005
10958324020
10958324021
10958324023
10958324024
10958324026
10958366010
10958366011
10958366012
10958366013
10958366014
10958366015
10958366016
10958409009
10958409010
10957991014
10957660020
10957660021
10957660022
10957664015
10957664017
10957664018
10957670015
10957670016
10957670018
10957670019
10957671001
10957671002
10957671004
10957671005
10957671006
10957671007
10957671008
10957671009
10957671010
10957671011
10957737017
10957979013
10957979014
10957979021
10957979022
10957979023
10958409011
10958480024
10958482011
10958482012
10958482013
10958482014
10958482015
10958482016
10958495010
10958495011
10958495012
10958495013
10958495014
10958495015
10958495017
10958495018
10958495019
10958616003
10958616006
10958616007
10958628003
10958628004
10958628005
10958628006
10958674004
10958674005
10958674006
10958674007
10958674008
10958471024
10958409012
10958409013
10958409014
10958409015
10958441015
10958460015
10958460016
10958460018
10958460019
10958460020
10958466014
10958466017
10958466018
10958466020
10958466021
10958466022
10958466023
10958467013
10958467014
10958467015
10958467016
10958467017
10958467018
10958467019
10958467020
10958467021
10958467022
10958471015
10958471016
10958471018
10958471019
10958471023
