10973827016
10973827015
10973827014
10973827013
10973827012
10973827011
10973827010
10973825015
10973825014
10973831023
10973831021
10973831020
10973831019
10973831018
10973831017
10973831016
10973831015
10973831014
10973830023
10973830021
10973830019
10973830018
10973830017
10973830016
10973825013
10973818004
10973816010
10973816009
10973816008
10973816007
10973815008
10973815007
10973818005
10973825012
10973825011
10973824016
10973824015
10973824013
10973824010
10973818007
10973818006
10973900005
10973900004
10973900003
10973900002
10973895021
10973895020
10973895019
10973895015
10973891005
10973891004
10973891003
10973881004
10973881003
10973881002
10973881001
10973913002
10973907016
10973907015
10973907014
10973907013
10973907012
10973907011
10973907010
10973905017
10973905016
10973905011
10973848018
10973848017
10973848016
10973848015
10973847021
10973847020
10973847019
10973847018
10973847017
10973847016
10973847015
10973848019
10973850017
10973850016
10973850015
10973850014
10973850013
10973850012
10973850011
10973849017
10973849016
10973849015
10973849014
10973849013
10973849012
10973849011
10973849010
10973848023
10973848021
10973848020
10973777023
10973777021
10973777020
10973777019
10973777018
10973777017
10973777016
10973777015
10973777014
10973783005
10973783004
10973783003
10973783002
10973781017
10973781016
10973781015
10973781014
10973781013
10973781012
10973781011
10973769015
10973769014
10973769013
10973767016
10973767014
10973767013
10973767012
10973767011
10973767010
10973766016
10973766015
10973766014
10973766013
10973766012
10973766011
10973766010
10973765016
10973765015
10973765014
10973765013
10973765012
10973769016
10973772015
10973772014
10973772013
10973772012
10973770020
10973770019
10973770018
10973770017
10973770016
10973770015
10973770014
10973769023
10973769021
10973769020
10973769019
10973769018
10973769017
10973799021
10973799020
10973799019
10973799018
10973799017
10973799016
10973799015
10973799014
10973798023
10973798021
10973798020
10973798019
10973798018
10973798017
10973798016
10973798015
10973798014
10973807016
10973807015
10973807014
10973807013
10973807012
10973807011
10973804005
10973804004
10973804003
10973804002
10973791021
10973791020
10973791019
10973791018
10973791017
10973791016
10973791015
10973791014
10973789023
10973789021
10973789020
10973789019
10973789018
10973789017
10973789016
10973789014
10973794023
10973794021
10973794020
10973794019
10973794018
10973794017
10973794016
10973794015
10973794014
10974018018
10974018019
10974018020
10974018017
10974018015
10974018014
10974018021
10974018023
10974023018
10974023017
10974023016
10974023015
10974023014
10974022023
10974022021
10974022020
10974022019
10974022018
10974022017
10974022016
10974022015
10974022014
10974020011
10974020010
10974020008
10974020007
10974020006
10974020005
10974020003
10974020001
10974007023
10974007021
10974007020
10974007019
10974007017
10974007016
10974007014
10974006023
10974006021
10974006020
10974006019
10974006018
10974006017
10974006016
10974006014
10974011014
10974013023
10974013020
10974013019
10974013018
10974013017
10974013015
10974011023
10974011021
10974011020
10974011019
10974011018
10974011017
10974011016
10974023019
10974039016
10974039015
10974039014
10974039013
10974039012
10974039011
10974039010
10974026023
10974026021
10974026020
10974026019
10974026018
10974026017
10974026016
10974026015
10974026014
10974023023
10974023021
10974023020
10974031023
10974031021
10974031020
10974031019
10974031018
10974031017
10974031014
10974005023
10973948015
10973948014
10973947023
10973947021
10973947020
10973947019
10973947018
10973947017
10973947014
10973946023
10973946021
10973946020
10973946019
10973946018
10973946017
10973946016
10973946015
10973946014
10973942021
10973942020
10973942019
10973942018
10973942017
10973942015
10973942014
10973924023
10973924016
10973924013
10973919005
10973919004
10973919003
10973919002
10973918004
10973918003
10973918002
10973917005
10973917004
10973917003
10973917002
10973913005
10973913004
10973913003
10973932023
10973932021
10973932020
10973932019
10973932018
10973932017
10973932016
10973932015
10973932014
10973948017
10974005021
10974005020
10974005019
10974005017
10974002021
10974002020
10974002019
10974002018
10974002017
10974002016
10974002015
10974002014
10974001011
10974001010
10974001009
10974001008
10974001007
10974001006
10974001005
10974001003
10974001001
10973968004
10973968003
10973968002
10973958005
10973958003
10973958002
10973957005
10973957004
10973957003
10973957002
10973956005
10973956004
10973956003
10973956002
10973953005
10973953004
10973953003
10973953002
10973951005
10973951004
10973951003
10973951002
10973950005
10973950004
10973950003
10973950002
10973948019
10973968005
10973528012
10973528013
10973528014
10973528011
10973528010
10973528015
10973528016
10973530001
10973532001
10973516016
10973516015
10973516013
10973514019
10973514018
10973514017
10973514016
10973514014
10973514013
10973507004
10973507003
10973507002
10973507001
10973503004
10973503003
10973503002
10973503001
10973501004
10973501003
10973501002
10973501001
10973516017
10973516019
10973516018
10973563023
10973563021
10973563020
10973563019
10973563017
10973563015
10973547018
10973547017
10973547016
10973547015
10973547014
10973547013
10973546019
10973546018
10973546017
10973546016
10973546015
10973546014
10973546013
10973545019
10973545018
10973545017
10973545016
10973545014
10973545013
10973413003
10973413001
10973412004
10973412003
10973412002
10973412001
10973403019
10973403017
10973403016
10973403014
10973402018
10973402017
10973402016
10973402015
10973402014
10973402013
10973402012
10973402011
10973402010
10973434016
10973434015
10973434014
10973434013
10973434012
10973434011
10973428020
10973428019
10973428018
10973428017
10973375023
10973375021
10973375020
10973375019
10973375018
10973375017
10973375016
10973375015
10973375014
10973370005
10973370004
10973370003
10973370002
10973361019
10973361018
10973361017
10973361016
10973361015
10973361014
10973361013
10973358023
10973358020
10973358019
10973358018
10973358017
10973388015
10973388014
10973388013
10973388012
10973388011
10973388010
10973388009
10973385020
10973385019
10973385018
10973385017
10973385016
10973385015
10973385014
10973385013
10973381002
10973380004
10973380003
10973380002
10973490016
10973490015
10973480016
10973480015
10973480014
10973480013
10973480012
10973480011
10973468005
10973468003
10973468001
10973467010
10973467008
10973467007
10973467006
10973467005
10973467003
10973467001
10973490017
10973498011
10973498010
10973498009
10973498008
10973498007
10973498006
10973493004
10973493003
10973492005
10973492004
10973492003
10973490023
10973490021
10973490020
10973490019
10973490018
10973450017
10973450016
10973450015
10973450014
10973450013
10973450012
10973450011
10973450010
10973448001
10973443016
10973443015
10973443014
10973442023
10973442021
10973442020
10973442019
10973442018
10973442017
10973442016
10973442015
10973442014
10973712002
10973712003
10973712004
10973712005
10973713006
10973713007
10973713008
10973713009
10973707005
10973707004
10973707003
10973707002
10973703005
10973703004
10973703003
10973703002
10973713010
10973731018
10973731017
10973731016
10973731015
10973730017
10973730016
10973730015
10973730014
10973730013
10973730012
10973724017
10973724016
10973724015
10973724014
10973724013
10973724012
10973724011
10973724010
10973717004
10973717003
10973717001
10973713011
10973663016
10973663015
10973663014
10973662021
10973662019
10973662018
10973662017
10973662015
10973662014
10973658023
10973663017
10973667015
10973667014
10973667013
10973667012
10973667011
10973667010
10973666017
10973666016
10973666015
10973666014
10973666013
10973665023
10973665021
10973665018
10973665017
10973665016
10973665015
10973663023
10973663021
10973663020
10973663019
10973663018
10973731019
10973753023
10973753020
10973753019
10973753018
10973753017
10973753016
10973753015
10973753014
10973751023
10973751021
10973751020
10973751019
10973751018
10973751017
10973751016
10973751015
10973748005
10973748004
10973748003
10973748002
10973747005
10973747004
10973747003
10973747002
10973763023
10973763021
10973763020
10973763019
10973763018
10973763017
10973763016
10973763015
10973761019
10973761018
10973761017
10973761016
10973761015
10973761013
10973758002
10973737015
10973737014
10973737013
10973734011
10973734010
10973734009
10973734008
10973734007
10973734006
10973733011
10973733010
10973733009
10973733008
10973733007
10973733006
10973731023
10973731021
10973731020
10973737016
10973737019
10973737018
10973737017
10973658021
10973584005
10973584001
10973583011
10973583010
10973583009
10973583008
10973583007
10973583006
10973583005
10973583003
10973583001
10973582021
10973582020
10973582019
10973582018
10973582017
10973582016
10973581021
10973581020
10973581019
10973581018
10973581017
10973581016
10973581015
10973580021
10973580020
10973580019
10973584006
10973609005
10973609002
10973608004
10973608003
10973608002
10973605005
10973605004
10973605003
10973605002
10973600005
10973600004
10973600003
10973600002
10973584011
10973584010
10973584009
10973584008
10973584007
10973580018
10973573021
10973573020
10973573019
10973573018
10973573017
10973573016
10973573015
10973573014
10973580017
10973579023
10973579021
10973579020
10973579019
10973579018
10973579017
10973579016
10973579015
10973579014
10973577021
10973577019
10973577018
10973577017
10973577016
10973576021
10973576020
10973576019
10973576018
10973576017
10973576014
10973610004
10973658020
10973658019
10973658018
10973658017
10973658016
10973658015
10973658014
10973655018
10973655017
10973655016
10973655015
10973655014
10973655013
10973655012
10973652016
10973652015
10973652014
10973652013
10973652012
10973652011
10973652010
10973635002
10973635001
10973634004
10973634003
10973634002
10973634001
10973633004
10973633003
10973633002
10973633001
10973624005
10973624004
10973624003
10973624002
10973623005
10973623004
10973623003
10973623002
10973619005
10973619004
10973619003
10973619002
10973616005
10973616004
10973616003
10973616002
10973611005
10973611004
10973611003
10973611002
10973635003
10973642015
10973642014
10973642013
10973642012
10973640016
10973640015
10973640014
10973640013
10973640012
10973640011
10973638018
10973638017
10973638016
10973638015
10973638014
10973638013
10973638012
10973638011
10973638010
10973635004
10975093016
10975093013
10975091018
10975091016
10975091013
10975091012
10975091011
10975073006
10975073005
10975073004
10975073003
10975072006
10975072005
10975321003
10975185005
10975185004
10975183004
10975108023
10975108021
10975108019
10975108018
10975108017
10975108016
10975108015
10975108014
10975072004
10975063005
10975063003
10975062006
10975062005
10975062004
10975062003
10975061006
10975061005
10975061004
10975061003
10975060006
10975060005
10975060004
10975060003
10975059006
10975059005
10975059004
10975059003
10975057001
10975056001
10975055006
10975055005
10975055004
10975055003
10975053006
10975053005
10975053004
10975053003
10975052006
10975052005
10975052004
10975064003
10975072003
10975071006
10975071005
10975071004
10975071003
10975070005
10975070004
10975070003
10975070002
10975069005
10975069004
10975069003
10975069002
10975068005
10975068004
10975068003
10975068002
10975067006
10975067005
10975067004
10975067003
10975066006
10975066005
10975066004
10975065006
10975065005
10975065004
10975065003
10975064006
10975064005
10975064004
10975321004
10975660016
10975660015
10975660014
10975634020
10975634018
10975634017
10975634016
10975634015
10975634014
10975632020
10975632019
10975632018
10975632017
10975632016
10975632015
10975632014
10975616021
10975616020
10975616019
10975616018
10975616017
10975616016
10975616015
10975616014
10975615021
10975615020
10975615019
10975615018
10975615017
10975615016
10975615015
10975660017
10975725011
10975725010
10975725009
10975725008
10975725007
10975723021
10975723020
10975723019
10975723018
10975723017
10975723016
10975723015
10975723014
10975696019
10975696018
10975696017
10975696015
10975696013
10975696011
10975661021
10975661020
10975661019
10975661018
10975661017
10975661016
10975661015
10975661014
10975660021
10975660020
10975660019
10975660018
10975615014
10975511017
10975511016
10975511015
10975509021
10975509020
10975509019
10975509018
10975509017
10975509016
10975509015
10975507021
10975507018
10975507017
10975507016
10975507015
10975507014
10975480011
10975480009
10975480008
10975480004
10975475011
10975475006
10975475004
10975366003
10975335007
10975335006
10975335005
10975323004
10975323003
10975511018
10975529011
10975529008
10975529006
10975527011
10975527009
10975527008
10975527006
10975527004
10975524021
10975524020
10975524019
10975524017
10975524016
10975524015
10975524014
10975515011
10975515009
10975515008
10975515006
10975515004
10975513020
10975513019
10975513018
10975513017
10975513016
10975513015
10975513014
10975511020
10975511019
10975052003
10974975019
10974975018
10974975017
10974975016
10974975015
10974975014
10974971005
10974970006
10974970005
10974969001
10974645001
10974637001
10974555005
10974555003
10974555002
10974543016
10974543015
10974543014
10974543013
10974543012
10974543011
10974543010
10974538013
10974538011
10974538009
10974538008
10974976015
10974981015
10974981014
10974981013
10974981012
10974981011
10974981010
10974980016
10974980015
10974980011
10974979013
10974979012
10974979010
10974979009
10974979008
10974979007
10974978020
10974978019
10974978018
10974978017
10974978016
10974978015
10974978014
10974977020
10974977019
10974977018
10974977017
10974977016
10974977015
10974977014
10974976017
10974976016
10974501023
10974501021
10974501020
10974501019
10974501017
10974501014
10974500004
10974500003
10974500002
10974500001
10974981016
10975009002
10975006005
10975006004
10975006003
10975006002
10975002005
10975002004
10975002003
10975002002
10975001025
10975001024
10975001023
10975001021
10975001005
10975001001
10974999019
10974999018
10974999017
10974999015
10974999013
10974998020
10974998019
10974998018
10974998017
10974998016
10974998015
10974998014
10974996020
10974996018
10974996017
10974996016
10975009003
10975051006
10975051005
10975051004
10975051003
10975050006
10975050005
10975050004
10975050003
10975042001
10975041001
10975024005
10975024004
10975024002
10975019005
10975019004
10975018007
10975018004
10975018003
10975018002
10975017005
10975017004
10975017002
10975014007
10975014004
10975014003
10975014002
10975009005
10975009004
10974995020
10974986018
10974986017
10974986015
10974985013
10974985012
10974985011
10974985010
10974985009
10974985008
10974985007
10974984013
10974984012
10974984011
10974984010
10974984009
10974984008
10974983013
10974983012
10974983011
10974983010
10974983009
10974983008
10974983007
10974982021
10974982020
10974982019
10974982018
10974982017
10974982016
10974982015
10974982014
10974986019
10974995019
10974995018
10974995017
10974995016
10974995014
10974993025
10974993024
10974993023
10974993021
10974993003
10974993001
10974990012
10974990010
10974990009
10974990008
10974990007
10974988021
10974988020
10974988018
10974988017
10974988016
10974988014
10974987021
10974987020
10974987019
10974987018
10974987017
10974987016
10974987015
10974987014
10974986020
10983121004
10983146003
10983146004
10983146005
10983146006
10983146007
10983317001
10982807016
10982807015
10982807014
10982807013
10982807012
10982807011
10982807010
10982725005
10983586018
10983586017
10983586016
10983586015
10983586014
10983581004
10983581003
10983581002
10983581001
10983580004
10983580003
10983580002
10983580001
10983579003
10983579002
10983579001
10983578003
10983578002
10983578001
10983577003
10983577002
10983577001
10983576006
10983576005
10983576004
10983576003
10983576002
10983576001
10982723001
10981308001
10981307001
10981306001
10981305001
10981304001
10981302001
10981301001
10981297001
10981292001
10981291001
10981289001
10981151003
10981149004
10981149003
10981149002
10981149001
10981145020
10981145019
10981145018
10981145017
10981145016
10981145015
10981140010
10981140009
10981140008
10981084001
10981083001
10981077001
10981076001
10981075001
10981309001
10982722001
10982721001
10982718001
10982717001
10982559001
10982545001
10982529001
10981806003
10981805003
10981804003
10981738001
10981581003
10981581001
10981525001
10981388007
10981388005
10981388004
10981385007
10981385005
10981385004
10981385003
10981318001
10981317001
10981315001
10981314001
10981312001
10981311001
10981310001
10983586019
10984243001
10984242003
10984242002
10984242001
10984241003
10984241002
10984241001
10984240003
10984240002
10984240001
10984239003
10984239002
10984239001
10983907005
10983907004
10983907003
10983907002
10983906006
10984243002
10984257004
10984257003
10984257002
10984257001
10984253004
10984253003
10984253002
10984253001
10984252004
10984252003
10984252002
10984251004
10984251003
10984251002
10984251001
10984250004
10984250003
10984250002
10984250001
10984247004
10984247003
10984247001
10984246004
10984246003
10984246002
10984246001
10984245004
10984245003
10984245002
10984245001
10984243003
10983641005
10983641004
10983640005
10983640004
10983640003
10983638005
10983638003
10983634020
10983634019
10983634018
10983634017
10983634016
10983634015
10983634014
10983633019
10983633018
10983633017
10983633016
10983633015
10983633014
10983632016
10983632012
10983632011
10983632010
10983632009
10983630005
10983630004
10983630003
10983588003
10983587006
10983586020
10983641006
10983897004
10983897003
10983897002
10983897001
10983896004
10983896003
10983896002
10983896001
10983710004
10983710003
10983710002
10983709005
10983709004
10983709003
10983709002
10983645004
10983645003
10983644005
10983644004
10983644003
10983643004
10983643003
10983643002
10981074001
10976239016
10976239015
10976239014
10976196021
10976196020
10976196019
10976196018
10976196017
10976196016
10976196015
10976196014
10976148025
10976148024
10976148023
10976148021
10976148001
10976084016
10976084015
10976084014
10976084013
10976084012
10976084011
10976084010
10976066020
10976066018
10976066017
10976066016
10976066015
10976063020
10976063019
10976063018
10976239017
10976402003
10976402002
10976399005
10976399004
10976399003
10976399002
10976316005
10976316004
10976316003
10976316002
10976312005
10976312004
10976312003
10976312002
10976297021
10976297020
10976297019
10976297018
10976297017
10976297016
10976297015
10976297014
10976282018
10976282017
10976282016
10976282015
10976282014
10976239021
10976239020
10976239019
10976239018
10976063017
10975993017
10975993016
10975993015
10975993014
10975940016
10975940015
10975940014
10975940013
10975940012
10975940011
10975940010
10975928020
10975928018
10975928017
10975928016
10975928015
10975928014
10975825012
10975825011
10975825010
10975825009
10975825008
10975825007
10975823020
10975823019
10975823018
10975823017
10975823016
10975823015
10975823014
10975725013
10975993018
10976063015
10976063014
10976032013
10976032012
10976032011
10976032010
10976032009
10976032008
10976032007
10976017016
10976017015
10976017014
10976017013
10976017012
10976017011
10976017010
10976015016
10976015015
10976015014
10976015012
10976015011
10976015010
10976009020
10976009019
10976009018
10976009017
10976009016
10976009015
10976009014
10975993020
10975993019
10976402004
10980052011
10980052010
10980052008
10980052006
10980052005
10980052003
10980052001
10980011005
10980011004
10980011003
10981073001
10981072001
10981071001
10981055001
10980675005
10980331003
10980331002
10980195005
10979971011
10977087003
10977087002
10977085005
10977085004
10977085003
10977085002
10977084005
10977084004
10977084003
10977084002
10976847005
10976847004
10976847003
10976847002
10976843005
10976843004
10976843003
10976843002
10976609004
10976609003
10976609002
10976484005
10976484004
10976484002
10976480005
10976480004
10976480003
10976480002
10976402005
10977087005
10979971010
10979971009
10979971008
10979971007
10979971006
10979971005
10979971003
10979971001
10979915006
10979915005
10979915003
10977094005
10977094004
10977094002
10977093008
10977093007
10977093006
10977093005
10977092005
10977092004
10977092003
10977092002
10977089005
10977089004
10977089003
10977089002
10974186018
10974186015
10974186014
10974186013
10974201002
10974212005
10974212004
10974212003
10974212002
10974201005
10974201004
10974201003
10974186012
10974169003
10974169002
10974168002
10974165005
10974165004
10974165003
10974165002
10974160005
10974160004
10974160003
10974160002
10974159005
10974159004
10974159003
10974159002
10974156004
10974156003
10974156002
10974169004
10974186011
10974186010
10974186009
10974181004
10974181003
10974181002
10974179005
10974179004
10974179003
10974179002
10974178005
10974178004
10974178003
10974178002
10974176005
10974176004
10974176003
10974176002
10974175005
10974175004
10974175003
10974175002
10974169005
10974269002
10974268002
10974267001
10974266001
10974264001
10974257005
10974257004
10974257003
10974257002
10974256005
10974256004
10974256003
10974256002
10974255005
10974255004
10974255003
10974255002
10974277007
10974292002
10974291005
10974291004
10974291003
10974291002
10974287004
10974287003
10974287002
10974286005
10974286004
10974286003
10974286002
10974285005
10974285004
10974285003
10974285002
10974282004
10974282003
10974282002
10974281005
10974281004
10974281003
10974281002
10974278004
10974278003
10974278002
10974278001
10974277010
10974277009
10974277008
10974216004
10974216003
10974216002
10974233005
10974233003
10974233002
10974228005
10974228004
10974228003
10974228002
10974058018
10974058017
10974083018
10974083017
10974083016
10974083015
10974083014
10974083013
10974079004
10974079003
10974079002
10974079001
10974073004
10974073003
10974073002
10974073001
10974058016
10974044004
10974044003
10974044002
10974058015
10974058014
10974058013
10974058012
10974058011
10974058010
10974056011
10974056009
10974056007
10974056005
10974056003
10974056001
10974055011
10974055009
10974055007
10974055005
10974055003
10974055001
10974126011
10974126010
10974126009
10974126008
10974126007
10974126006
10974117005
10974117004
10974117003
10974117002
10974116005
10974116004
10974116002
10974149005
10974148004
10974145004
10974145003
10974145002
10974145001
10974114005
10974088004
10974088003
10974088002
10974088001
10974114004
10974114003
10974114002
10974112005
10974112004
10974112003
10974112002
10974111005
10974111004
10974111003
10974110005
10974110004
10974110003
10974110002
10974095004
10974095003
10974095002
10974095001
10974443001
10974445002
10974445003
10974423015
10974423014
10974469002
10974468005
10974468004
10974468003
10974468002
10974452015
10974452014
10974452013
10974452012
10974452011
10974452010
10974451015
10974451014
10974423013
10974423012
10974423011
10974423010
10974422019
10974422018
10974422017
10974422016
10974422015
10974422014
10974422013
10974469003
10974498003
10974498002
10974498001
10974495016
10974495015
10974495014
10974495013
10974495012
10974495011
10974495010
10974473018
10974473017
10974473016
10974473015
10974469005
10974469004
10974326005
10974326004
10974326003
10974326002
10974323005
10974323004
10974323003
10974323002
10974319005
10974319004
10974319003
10974319002
10974318004
10974318003
10974318002
10974317005
10974317004
10974317003
10974317002
10974316005
10974316004
10974316003
10974316002
10974315005
10974315004
10974315003
10974315002
10974314005
10974331006
10974331004
10974331002
10974331001
10974314004
10974299005
10974299004
10974299003
10974299002
10974297005
10974297004
10974297003
10974297002
10974296005
10974296004
10974296003
10974296002
10974295005
10974295004
10974295003
10974295002
10974294005
10974294004
10974294003
10974294002
10974292005
10974292004
10974292003
10974300002
10974314003
10974314002
10974313005
10974313004
10974313002
10974312005
10974312004
10974312003
10974312002
10974310005
10974310004
10974310003
10974310002
10974304005
10974304004
10974304003
10974303005
10974303004
10974303003
10974303002
10974302005
10974302004
10974302003
10974302002
10974300005
10974300004
10974300003
10974415016
10974415015
10974415014
10974415013
10974415012
10974415011
10974415010
10974371002
10974370005
10974370004
10974370003
10974370002
10974369005
10974369004
10974369003
10974369002
10974364005
10974364003
10974364002
10974363005
10974363004
10974363003
10974363002
10974361005
10974361004
10974361002
10974350002
10974349002
10974348002
10974347002
10974371003
10974377019
10974377017
10974377016
10974377015
10974377014
10974377013
10974372005
10974372004
10974372003
10974372002
10974371005
10974371004
10973358014
10962600023
10962600021
10962600020
10962600019
10962600018
10962600017
10962600016
10962600015
10962600014
10962599021
10962599020
10962599019
10962599018
10962605021
10962635012
10962635011
10962635010
10962621011
10962621010
10962621009
10962621008
10962621007
10962613006
10962613005
10962613004
10962613002
10962613001
10962612011
10962612010
10962612009
10962612008
10962612007
10962612006
10962584021
10962584020
10962584019
10962584018
10962581005
10962575016
10962575015
10962575013
10962574015
10962573023
10962573021
10962573019
10962573018
10962573017
10962573016
10962573015
10962570008
10962569009
10962569008
10962569007
10962569006
10962592023
10962592020
10962592019
10962592018
10962592017
10962592016
10962592015
10962592014
10962592013
10962590020
10962590019
10962590018
10962590017
10962590015
10962590014
10962588023
10962588021
10962588020
10962588019
10962588018
10962588017
10962588016
10962588014
10962635013
10962697019
10962697018
10962697017
10962697015
10962697014
10962696023
10962696018
10962696017
10962696015
10962696014
10962695015
10962691023
10962691020
10962701011
10962701010
10962701009
10962701008
10962701007
10962700007
10962699019
10962699018
10962699017
10962699016
10962699015
10962699014
10962699013
10962691019
10962673004
10962673001
10962672001
10962663005
10962663004
10962663003
10962663002
10962656008
10962656007
10962635016
10962635015
10962635014
10962691018
10962691017
10962691016
10962691015
10962691014
10962680023
10962680021
10962680020
10962567016
10962457009
10962457007
10962457001
10962455012
10962455001
10962454011
10962454010
10962454009
10962454008
10962454007
10962454006
10962448010
10962448008
10962448007
10962448006
10962448005
10962448003
10962448001
10962447007
10962447006
10962447003
10962457011
10962483005
10962483004
10962483003
10962483002
10962481005
10962474005
10962474004
10962474002
10962467004
10962467003
10962467002
10962467001
10962461019
10962461018
10962461017
10962461016
10962461015
10962461014
10962461013
10962459018
10962459016
10962431018
10962431017
10962431016
10962431015
10962431014
10962431013
10962431012
10962431011
10962442021
10962442020
10962442019
10962442018
10962442017
10962442016
10962442015
10962442014
10962439015
10962439014
10962439013
10962439010
10962551013
10962551012
10962551011
10962551010
10962549004
10962548015
10962548014
10962548013
10962548012
10962548010
10962547016
10962547015
10962547014
10962547013
10962551015
10962567015
10962567013
10962567012
10962567011
10962567010
10962560016
10962560015
10962560014
10962560013
10962560012
10962560011
10962560010
10962553014
10962553013
10962553012
10962534003
10962534001
10962528005
10962528004
10962528003
10962528002
10962527003
10962527002
10962526005
10962526004
10962526003
10962526002
10962522021
10962522020
10962522019
10962522018
10962522017
10962522016
10962493002
10962490003
10962534004
10962546018
10962546017
10962546016
10962546015
10962546014
10962546013
10962540003
10962540002
10962540001
10962539004
10962539003
10962539002
10962539001
10962536007
10962536005
10962536004
10962536003
10962536002
10962536001
10962535004
10962535003
10962535001
10962878003
10962869005
10962867005
10962867004
10962867003
10962867002
10962859013
10962859011
10962859009
10962883003
10962897004
10962897003
10962897002
10962897001
10962896004
10962896003
10962896002
10962896001
10962883004
10962823023
10962855016
10962855014
10962854001
10962969004
10962969003
10962969002
10962968004
10962967004
10962988005
10962988004
10962988003
10962982005
10962979005
10962978005
10962947003
10962917005
10962917004
10962911005
10962911004
10962911002
10962909004
10962909003
10962909002
10962909001
10962947002
10962947001
10962946001
10962932004
10962932003
10962932002
10962932001
10962931004
10962931002
10962931001
10962823014
10962759017
10962759016
10962757005
10962757004
10962755019
10962755018
10962755017
10962755016
10962755015
10962755014
10962755013
10962753003
10962752003
10962744021
10962744020
10962744019
10962744018
10962744017
10962744016
10962744015
10962744014
10962759019
10962765008
10962765006
10962765005
10962765001
10962761021
10962761020
10962761019
10962761018
10962761017
10962760017
10962759020
10962737015
10962727023
10962727021
10962727020
10962727019
10962727018
10962727017
10962727016
10962727014
10962726019
10962726018
10962726017
10962726014
10962726013
10962724004
10962724003
10962723004
10962723003
10962720019
10962720018
10962720017
10962720016
10962720015
10962720014
10962720013
10962737016
10962743011
10962743009
10962743007
10962743006
10962743005
10962743003
10962743001
10962741018
10962741016
10962741015
10962741013
10962741012
10962737018
10962737017
10962765010
10962812002
10962809011
10962809010
10962809009
10962809008
10962809007
10962809006
10962801006
10962801005
10962801004
10962800010
10962800009
10962800008
10962800007
10962799004
10962799003
10962798005
10962798004
10962798003
10962798002
10962796002
10962795003
10962794004
10962794002
10962793005
10962812003
10962822014
10962822013
10962821019
10962821018
10962821016
10962821014
10962820025
10962820017
10962820016
10962820015
10962820014
10962818005
10962812005
10962812004
10962793004
10962778018
10962778017
10962778015
10962773005
10962771010
10962771006
10962771003
10962770010
10962770009
10962770007
10962770006
10962770005
10962770003
10962770001
10962769005
10962769001
10962768010
10962768005
10962778023
10962793002
10962792005
10962792004
10962792003
10962792002
10962785019
10962785018
10962785017
10962785016
10962785015
10962785014
10962785013
10962431010
10959950007
10959953004
10959953005
10959950006
10959950005
10959950004
10959949007
10959953006
10959963004
10959963005
10959963006
10959964004
10959964005
10959964006
10959964007
10959949004
10959916005
10959916004
10959916003
10959915007
10959915006
10959915005
10959915004
10959914007
10959914005
10959914004
10959913007
10959913006
10959913005
10959913004
10959912007
10959966004
10960105004
10960082006
10960082005
10960080005
10960080004
10960080003
10960079005
10960079004
10960079003
10960077005
10960077004
10960077003
10960076006
10960076005
10960076004
10960075006
10960075005
10960046001
10960042006
10960042005
10960042004
10960042003
10960019006
10960019003
10960016003
10959967007
10959967006
10959967005
10959967004
10959966005
10959912005
10959732005
10959732004
10959695005
10959695004
10959680006
10959680005
10959680004
10959625007
10959625006
10959625005
10959625004
10959613005
10959613004
10959613003
10959610007
10959610006
10959610004
10959580005
10959577006
10959577005
10959577004
10959577003
10959555005
10959555004
10959555003
10959555002
10959530001
10959516007
10959516006
10959516005
10959732006
10959889006
10959889005
10959889004
10959888006
10959888005
10959888004
10959871005
10959850006
10959850005
10959850004
10959844005
10959813007
10959813006
10959813005
10959813004
10959793006
10959793005
10959792006
10959792005
10959792004
10959781007
10959781006
10959781005
10959781004
10959743005
10959743004
10959733007
10959733006
10959733005
10959733004
10960105005
10960506005
10960506004
10960504005
10960504004
10960496007
10960496006
10960496005
10960496004
10960448001
10960435005
10960435004
10960435003
10960413005
10960413004
10960413003
10960413002
10960412005
10960412004
10960412003
10960412002
10960403006
10960403005
10960403004
10960402006
10960402005
10960402004
10960387007
10960387006
10960387005
10960387004
10960506006
10960569005
10960569004
10960564007
10960562005
10960562004
10960562003
10960561005
10960561004
10960561003
10960558005
10960558004
10960537007
10960537006
10960537005
10960537004
10960530005
10960530004
10960518007
10960518006
10960518005
10960518004
10960517005
10960517004
10960512006
10960512005
10960512004
10960511006
10960511005
10960511004
10960384006
10960128006
10960128005
10960128004
10960127004
10960124006
10960124005
10960124004
10960123007
10960123006
10960123005
10960123004
10960121005
10960117006
10960117005
10960117004
10960117003
10960116006
10960116005
10960116004
10960116003
10960113006
10960113005
10960113004
10960113003
10960107007
10960107006
10960107005
10960107004
10960105007
10960105006
10960128007
10960384005
10960383007
10960383006
10960383005
10960383004
10960370006
10960370004
10960370003
10960342006
10960342005
10960342004
10960231006
10960231005
10960231004
10960231003
10960200001
10960162006
10960162005
10960162004
10960162003
10960160005
10960154004
10960154003
10960141007
10960141006
10960141005
10960141004
10959516004
10958780006
10958780005
10958780004
10958780003
10958779006
10958779005
10958779004
10958779003
10958763007
10958763006
10958763005
10958763004
10958762007
10958762006
10958750006
10958750004
10958747006
10958747005
10958747004
10958708006
10958690007
10958690006
10958690005
10958690004
10958675007
10958675006
10958675005
10958781003
10958819005
10958819004
10958818006
10958818005
10958818004
10958818003
10958814007
10958814006
10958814005
10958814004
10958813007
10958813006
10958813005
10958813004
10958812007
10958812006
10958812005
10958812004
10958810006
10958810005
10958810004
10958810003
10958782006
10958782005
10958782004
10958782003
10958781005
10958675004
10958602007
10958602004
10958595004
10958583005
10958572005
10958572004
10958572003
10958549019
10958549012
10958549011
10958549010
10958549009
10958549008
10958548018
10958548014
10958548013
10958548012
10958548011
10958548010
10958548009
10958483016
10958483015
10958483014
10958483013
10958483012
10958483011
10958483010
10958483009
10958482017
10958482016
10958482013
10958615004
10958673004
10958669004
10958653007
10958653005
10958653004
10958648003
10958637007
10958637006
10958636007
10958636006
10958636005
10958636004
10958630007
10958630006
10958630005
10958630004
10958628006
10958628005
10958628004
10958628003
10958624004
10958616006
10958616005
10958616004
10958616003
10958615007
10958615006
10958615005
10958819006
10959253006
10959253005
10959253004
10959252006
10959252005
10959252004
10959251007
10959251006
10959251005
10959251004
10959247004
10959234006
10959234005
10959234004
10959233007
10959233006
10959233005
10959233004
10959219003
10959207004
10959207003
10959205005
10959205004
10959205003
10959138007
10959138006
10959138005
10959138004
10959136006
10959253007
10959475005
10959475004
10959475003
10959415007
10959415006
10959415005
10959415004
10959329021
10959324021
10959323013
10959312007
10959312006
10959312005
10959305007
10959305006
10959305005
10959305004
10959288007
10959288006
10959288005
10959288004
10959287008
10959287005
10959287004
10959276004
10959259007
10959259006
10959259004
10959255005
10959255004
10959136004
10958907004
10958905006
10958905005
10958905004
10958893007
10958893006
10958893004
10958893003
10958874007
10958874006
10958868006
10958868005
10958868004
10958868003
10958863005
10958863004
10958863003
10958863002
10958854005
10958854004
10958854003
10958843003
10958842005
10958842004
10958842003
10958834007
10958834006
10958907005
10959115005
10959113005
10959105006
10959105005
10959105004
10959105003
10959083002
10959046006
10959046005
10959046004
10959046003
10959003003
10959003002
10958978005
10958963007
10958963006
10958963005
10958963004
10958960007
10958960006
10958960005
10958960004
10958950006
10958950005
10958950004
10958926005
10958926004
10958925004
10958907006
10962307009
10962307010
10962307011
10962307008
10962307007
10962307006
10962306011
10962309014
10962309016
10962309018
10962309020
10962309022
10962309024
10962311023
10962306010
10962306009
10962306008
10962299011
10962341005
10962339001
10962334020
10962334018
10962334016
10962333023
10962333020
10962333019
10962333018
10962333017
10962333016
10962333015
10962328018
10962328016
10962299010
10962286001
10962285001
10962283001
10962272005
10962272004
10962270016
10962270015
10962270014
10962270013
10962270012
10962270011
10962270010
10962269019
10962269018
10962269017
10962269016
10962269015
10962269014
10962269013
10962299009
10962299006
10962299005
10962299003
10962296011
10962296010
10962296009
10962296008
10962296007
10962296006
10962292020
10962292019
10962420017
10962420016
10962420015
10962420014
10962420013
10962420012
10962420011
10962420010
10962416016
10962416015
10962416014
10962416013
10962416012
10962416010
10962415018
10962415017
10962415013
10962415011
10962415010
10962378011
10962378010
10962378009
10962378008
10962378007
10962378006
10962367003
10962367002
10962362018
10962362011
10962360006
10962354005
10962354004
10962354003
10962353005
10962353004
10962352019
10962352018
10962352017
10962352016
10962352015
10962352014
10962352013
10962350001
10962347015
10962347014
10962347013
10962380015
10962393016
10962393013
10962390021
10962384019
10962384018
10962384017
10962384016
10962384015
10962384014
10962384013
10962382014
10960926015
10960926014
10960926013
10960926012
10960926011
10960926010
10960921003
10960920006
10960920005
10960920004
10960920003
10960917018
10960917017
10960916021
10960916020
10960916019
10960916018
10960916017
10960916016
10960915020
10960915019
10960915018
10960915017
10960915016
10960915015
10960915014
10960914019
10960914018
10960914017
10960926016
10962199023
10962199021
10962199020
10962199019
10962199018
10962199017
10962199016
10962199015
10962199014
10962192004
10962192003
10962192002
10962163019
10962163018
10962163017
10962159018
10962159017
10962159016
10962159015
10962159014
10962159013
10960932004
10960932003
10960931015
10960931014
10960931013
10960931012
10960914015
10960860004
10960860002
10960858019
10960858018
10960858017
10960858015
10960858013
10960858011
10960858010
10960769001
10960768001
10960736005
10960736004
10960736003
10960628019
10960628018
10960628017
10960628015
10960628014
10960628010
10960628007
10960616020
10960616019
10960616018
10960616017
10960616016
10960616015
10960616014
10960569007
10960569006
10960860005
10960912020
10960912017
10960912015
10960912014
10960911020
10960911019
10960911018
10960911017
10960911016
10960911014
10960886004
10960886003
10960885009
10960885008
10960885006
10960883021
10960883020
10960883019
10960883017
10960882019
10960882018
10960881020
10960881018
10960865006
10960865005
10960865004
10960864006
10960864005
10960864004
10960864003
10962253005
10962252011
10962252010
10962252009
10962252007
10962251011
10962251010
10962251009
10962251008
10962249005
10962249004
10962249002
10962246004
10962246002
10962246001
10962243005
10962243004
10962243003
10962243002
10962242005
10962242004
10962242003
10962266023
10962266021
10962266020
10962266019
10962266018
10962266017
10962258005
10962258004
10962258003
10962257005
10962257004
10962257003
10962257002
10962256021
10962256019
10962256017
10962256015
10962242002
10962212008
10962212007
10962211012
10962211010
10962211003
10962211001
10962212009
10962238011
10962238010
10962238009
10962227015
10962225016
10962225015
10962225013
10962225012
10962225011
10962220023
10962220021
10962220019
10962220018
10962212011
10962212010
10968583013
10968583015
10968583017
10968583011
10968583010
10968582020
10968582019
10968583018
10968583019
10968585015
10968585017
10968585018
10968585019
10968585020
10968586014
10968582018
10968582017
10968582016
10968582015
10968582014
10968581016
10968581015
10968581014
10968581013
10968581011
10968579021
10968579020
10968579018
10968579017
10968579016
10968579015
10968586015
10968596011
10968595025
10968595024
10968595023
10968595021
10968595005
10968595001
10968594021
10968594020
10968594019
10968594018
10968594017
10968594016
10968589016
10968589015
10968589014
10968589013
10968589012
10968589011
10968588016
10968588015
10968588013
10968588012
10968588011
10968588010
10968587020
10968587018
10968587017
10968587015
10968587014
10968586017
10968579014
10968259018
10968259017
10968259015
10968259013
10968256025
10968256024
10968256023
10968256021
10968256005
10968256003
10968256001
10968255019
10968255018
10968255017
10968255015
10968255013
10968255011
10968255010
10968252018
10968252015
10968251021
10968251020
10968251019
10968251018
10968251017
10968251016
10968251014
10968248020
10968248018
10968248017
10968248016
10968259019
10968574002
10968573002
10968570005
10968569004
10968569003
10968569002
10968513001
10968512001
10968276001
10968274026
10968274024
10968274022
10968274020
10968274001
10968264004
10968264003
10968264002
10968262019
10968262018
10968262017
10968262015
10968262013
10968261019
10968261018
10968261017
10968261015
10968261013
10968261011
10968596013
10969110007
10969110006
10969110005
10969110004
10969109008
10969109007
10969108009
10969108008
10969108007
10969108006
10969107009
10969107008
10969107007
10969106009
10969106008
10969106007
10969105009
10969105008
10969105007
10969104008
10969104007
10969103009
10969103008
10969103007
10969033019
10969033018
10968893005
10968893004
10968893003
10968893002
10969110008
10969399021
10969399020
10969399019
10969399018
10969399017
10969399016
10969398025
10969398023
10969398021
10969398020
10969398019
10969398018
10969398017
10969397025
10969397023
10969397021
10969397020
10969397019
10969397018
10969397017
10969397015
10969227002
10969226003
10969224002
10969111005
10969111004
10969111003
10969111002
10969111001
10969110009
10968892006
10968880001
10968807003
10968802016
10968802013
10968800013
10968800012
10968800011
10968800010
10968800009
10968609006
10968609005
10968609004
10968609003
10968608006
10968608005
10968608004
10968608003
10968605006
10968605005
10968605004
10968605003
10968602005
10968601003
10968601002
10968597005
10968597004
10968597003
10968596019
10968596018
10968596017
10968596015
10968882001
10968892005
10968892004
10968892003
10968891005
10968891004
10968891003
10968891002
10968890005
10968890004
10968890003
10968889006
10968889005
10968889004
10968889003
10968888006
10968888005
10968887005
10968887004
10968887003
10968886006
10968886005
10968886004
10968886003
10968885006
10968885005
10968885004
10968885003
10968884005
10968884004
10968884003
10968248015
10966677003
10966676006
10966676005
10966676004
10966676003
10966675005
10966675004
10966675003
10966674005
10966674004
10966674003
10966673005
10966673004
10966673002
10966672005
10966672004
10966672003
10966671006
10966671005
10966671004
10966671003
10966670005
10966670004
10966670003
10966669005
10966669004
10966669003
10966669002
10966667003
10966420002
10966419002
10966695005
10966709020
10966709018
10966709017
10966709016
10966709015
10966709014
10966703011
10966703009
10966703008
10966703006
10966703004
10966702020
10966702019
10966702018
10966702017
10966702016
10966702015
10966702014
10966701020
10966701019
10966701018
10966701017
10966701016
10966701015
10966700021
10966700020
10966700019
10966700018
10966700017
10966700016
10966700015
10966416001
10965994005
10965994004
10965994003
10965993006
10965993005
10965993004
10965993003
10965992006
10965992005
10965992004
10965992003
10965991006
10965991005
10965991004
10965991003
10965990006
10965990005
10965990004
10965990003
10965989006
10965989005
10965989004
10965989003
10965988006
10965988005
10965988004
10965988003
10965987006
10965987005
10965987004
10965987003
10965994006
10966138001
10966135001
10966133001
10966131001
10966130001
10966127001
10966126001
10966125001
10966124001
10966123001
10966042001
10966041001
10966040001
10966032001
10966031001
10966030001
10965997006
10965997005
10965997004
10965997003
10965996006
10965996005
10965996004
10965996003
10965995006
10965995005
10965995004
10965995003
10966710014
10967865019
10967865017
10967865015
10967865013
10967864023
10967864021
10967864019
10967864017
10967864015
10967864013
10967862023
10967862021
10967862019
10967862017
10967862015
10967862013
10967660021
10967660019
10967660017
10967660015
10967660013
10967865021
10968248014
10968247021
10968247020
10968247019
10968247018
10968247017
10968247016
10968247015
10968247014
10968133003
10968133001
10968131002
10967868023
10967868021
10967868019
10967868017
10967868015
10967868013
10967867023
10967867021
10967867019
10967867017
10967867015
10967867013
10967866023
10967866021
10967866019
10967866017
10967866015
10967866013
10967865023
10966714021
10966714020
10966714019
10966714018
10966714017
10966714016
10966714015
10966713017
10966713014
10966712019
10966712018
10966712017
10966712015
10966712013
10966712011
10966711025
10966711024
10966711023
10966711021
10966711003
10966711001
10966710021
10966710020
10966710019
10966710018
10966710017
10966710016
10966710015
10967655013
10967655011
10967655010
10967655009
10967655007
10967540007
10967540006
10967540005
10967540004
10967540003
10967539007
10967539006
10967539005
10967539004
10967539003
10967503001
10967453006
10967453005
10967453004
10967453003
10971622004
10971622005
10971622006
10971622003
10971621006
10971621005
10971621004
10971623002
10971623003
10971623004
10971623005
10971623006
10971634002
10971634003
10971634004
10971621003
10971621002
10971620006
10971620005
10971620004
10971620003
10971620002
10971611006
10971611005
10971611004
10971611003
10971611002
10971610006
10971610005
10971610004
10971610003
10971634005
10971701002
10971701001
10971700004
10971700003
10971700002
10971700001
10971681003
10971681001
10971680003
10971680001
10971679003
10971679001
10971636006
10971636005
10971636004
10971636003
10971636002
10971635006
10971635005
10971635004
10971635003
10971635002
10971634006
10971610002
10971593002
10971578006
10971578005
10971578004
10971578003
10971577006
10971577005
10971577004
10971577003
10971551003
10971551002
10971551001
10971550003
10971550002
10971550001
10971536004
10971536003
10971536002
10971536001
10971535004
10971535003
10971535002
10971535001
10971532003
10971532001
10971531003
10971531001
10971593003
10971609006
10971609005
10971609004
10971609003
10971609002
10971608006
10971608004
10971608003
10971607006
10971607005
10971607004
10971607003
10971607002
10971596006
10971596005
10971596004
10971596003
10971596002
10971595006
10971595005
10971595004
10971595003
10971595002
10971594006
10971594005
10971594004
10971594003
10971594002
10971593006
10971593005
10971593004
10971701003
10971750003
10971750002
10971750001
10971749003
10971749001
10971748003
10971748001
10971747003
10971747001
10971742004
10971742003
10971742002
10971742001
10971741004
10971741003
10971741002
10971741001
10971735004
10971735003
10971735002
10971735001
10971728004
10971728003
10971728002
10971727004
10971727003
10971727002
10971727001
10971726004
10971726003
10971726002
10971750004
10971757004
10971757003
10971757002
10971757001
10971756004
10971756003
10971756002
10971756001
10971753004
10971753003
10971753002
10971753001
10971752004
10971752003
10971752002
10971752001
10971751004
10971751003
10971751002
10971751001
10971716002
10971716001
10971710004
10971710003
10971710002
10971710001
10971709004
10971709003
10971709002
10971709001
10971708004
10971708003
10971708002
10971708001
10971702004
10971702003
10971702002
10971702001
10971701004
10971716003
10971724004
10971724002
10971724001
10971723004
10971723003
10971723002
10971723001
10971720004
10971720003
10971720002
10971720001
10971718004
10971718003
10971718002
10971718001
10971716004
10969440004
10969440003
10969438006
10969438005
10969438004
10969438003
10969437006
10969437005
10969437004
10969436001
10969435001
10969434006
10969434005
10969434004
10969433006
10969433005
10969433004
10969432005
10969432004
10969432003
10969432002
10969430005
10969430004
10969430003
10969430002
10969429006
10969429005
10969429004
10969429003
10969428006
10969428005
10969440005
10969449003
10969449002
10969448005
10969448004
10969448003
10969448002
10969447006
10969447005
10969447004
10969447003
10969446004
10969446003
10969446002
10969445003
10969445002
10969444006
10969444005
10969443005
10969443004
10969443003
10969443002
10969442005
10969442004
10969442003
10969442002
10969441006
10969441005
10969441004
10969441003
10969440006
10969427006
10969408004
10969408003
10969408002
10969407006
10969407005
10969406006
10969406005
10969406004
10969404006
10969404005
10969404004
10969403023
10969403019
10969403018
10969403017
10969403014
10969402025
10969402019
10969401025
10969401023
10969401020
10969401019
10969401017
10969400020
10969400019
10969400018
10969400017
10969400015
10969399025
10969399023
10969408005
10969427005
10969427004
10969427003
10969426005
10969426004
10969426003
10969426002
10969425005
10969425004
10969425003
10969425002
10969423005
10969423004
10969423003
10969423002
10969422005
10969422004
10969422003
10969421018
10969421017
10969421016
10969421015
10969421014
10969421013
10969421012
10969421011
10969409005
10969409004
10969409003
10969409002
10969449004
10971500001
10971499004
10971499003
10971499002
10971499001
10971498004
10971498003
10971498002
10971498001
10971497004
10971497003
10971497002
10971497001
10971490004
10971490003
10971490002
10971490001
10971500002
10971524003
10971524001
10971520007
10971520006
10971520005
10971520004
10971520003
10971519007
10971519006
10971519005
10971519004
10971519003
10971518004
10971518003
10971518002
10971518001
10971517004
10971517003
10971517002
10971517001
10971516003
10971516002
10971515004
10971515003
10971515002
10971515001
10971500004
10971500003
10971475005
10971475004
10971475003
10971474007
10971474006
10971474005
10971474004
10971474003
10971473007
10971473006
10971473005
10971473004
10971473003
10971434006
10971434004
10971434003
10971423006
10971423005
10971423003
10971423002
10971420006
10971420004
10971420003
10969528001
10969450005
10969450004
10969450003
10969450002
10969449005
10971475006
10971487007
10971487006
10971487005
10971487004
10971487003
10971485003
10971485002
10971485001
10971484004
10971484003
10971484002
10971484001
10971483003
10971483002
10971483001
10971482003
10971482001
10971479002
10971478003
10971478002
10971478001
10971477003
10971477002
10971477001
10971476007
10971476006
10971476005
10971476004
10971476003
10971475007
10965986006
10963172015
10963177002
10963177003
10963177004
10963177005
10963162004
10963162003
10963162002
10963157011
10963157010
10963157009
10963157008
10963157007
10963157006
10963178002
10963196005
10963196004
10963196003
10963196002
10963195003
10963194002
10963190004
10963190002
10963185004
10963185003
10963185002
10963184005
10963184004
10963184003
10963184002
10963183004
10963181005
10963181002
10963180004
10963180003
10963179004
10963179003
10963178005
10963178004
10963178003
10963157005
10963140005
10963140004
10963140003
10963139011
10963139010
10963139009
10963139007
10963129009
10963128010
10963128008
10963128007
10963127005
10963127004
10963127003
10963127002
10963126005
10963126004
10963126003
10963126002
10963123004
10963123003
10963123002
10963157003
10963157001
10963155005
10963154005
10963154004
10963150011
10963150009
10963150008
10963150007
10963150006
10963150005
10963150003
10963150001
10963149011
10963149010
10963149009
10963149007
10963144017
10963273005
10963273004
10963273003
10963271005
10963271004
10963271003
10963271002
10963260002
10963258002
10963234004
10963234002
10963276003
10963299018
10963299017
10963299016
10963299015
10963299014
10963299013
10963299012
10963299009
10963298015
10963294004
10963294003
10963283005
10963277005
10963277004
10963277003
10963276004
10963233002
10963209002
10963200016
10963200015
10963200014
10963200013
10963200012
10963200011
10963200010
10963231004
10963231001
10963229018
10963229017
10963229015
10963229014
10963229013
10963229012
10963228017
10963228016
10963228015
10963228014
10963228013
10963228012
10963228011
10963228010
10963225004
10963222004
10963222003
10963222002
10963216004
10963216003
10963044002
10963039009
10963039006
10963039005
10963039003
10963039001
10963033005
10963033003
10963033002
10963030019
10963027023
10963065016
10963065015
10963065012
10963063010
10963063009
10963063008
10963063007
10963063006
10963063005
10963063003
10963063001
10963027021
10963005004
10963005003
10963005002
10963005001
10962994002
10962994001
10962993005
10962992005
10962992004
10963027020
10963027019
10963027018
10963027017
10963027016
10963027015
10963026016
10963026013
10963025013
10963020019
10963020018
10963020017
10963020016
10963020015
10963020014
10963089019
10963089017
10963089014
10963088021
10963088019
10963120005
10963120004
10963120003
10963120002
10963119003
10963119002
10963118005
10963118004
10963118003
10963117003
10963117002
10963114011
10963114010
10963114009
10963114008
10963114007
10963114006
10963108005
10963108004
10963108003
10963108002
10963106005
10963106004
10963106003
10963106002
10963105005
10963105002
10963088018
10963076018
10963076015
10963076014
10963076013
10963088017
10963088016
10963088015
10963088014
10963088013
10963083021
10963083020
10963083019
10963083018
10963083017
10963083016
10963083015
10963083013
10963079019
10963079018
10963079017
10963079016
10963079015
10963079014
10963079013
10963078019
10963078018
10963078017
10963078016
10963078015
10963078014
10964402002
10964402003
10964402004
10964402005
10964348018
10964348016
10964348015
10964348014
10964348013
10964348012
10964348011
10965583001
10965986005
10965986004
10965986003
10965985006
10965985005
10965985004
10965985003
10965982006
10965982005
10965982004
10965982003
10965981006
10965981005
10965981004
10965981003
10965979006
10965979005
10965979004
10965979003
10965978006
10965978005
10965978004
10965978003
10965977005
10965977004
10965977003
10965976006
10965976005
10965976003
10965584001
10964348010
10963332016
10963332015
10963328020
10963328019
10963328018
10963328017
10963335015
10963361001
10963359011
10963359010
10963359009
10963359008
10963359007
10963359006
10963358016
10963358015
10963358014
10963358013
10963358012
10963358011
10963340021
10963340019
10963340017
10963340015
10963340013
10963338013
10963335023
10963335021
10963335019
10963328015
10963312002
10963312001
10963311004
10963311002
10963311001
10963309010
10963309009
10963309008
10963309007
10963309006
10963309005
10963309003
10963309001
10963308021
10963308019
10963308017
10963308015
10963308013
10963307020
10963307018
10963307017
10963307016
10963312003
10963328014
10963327020
10963324005
10963324004
10963322005
10963319009
10963319008
10963316004
10963316003
10963316002
10963316001
10963315004
10963315003
10963315002
10963315001
10963312004
10963361003
10964345023
10964345020
10964345018
10964345017
10964345016
10964345015
10964345014
10963495020
10963495019
10963495017
10963495014
10963384001
10963371002
10963370003
10963370002
10963363016
10963363015
10963363012
10963361011
10963361009
10963361008
10963361007
10963361006
10963361005
10984258001
11009305017
11009305018
11009305019
11009305016
11009305015
11009305014
11009305013
11009305020
11009305021
11009305023
11009303019
11009303018
11009303017
11009303016
11009303015
11009303014
11009303013
11009302017
11009302016
11009302015
11009302014
11009302013
11009269005
11009269004
11009269003
11009268005
11009268004
11009268003
11009266005
11009266004
11009266003
11009253001
11009251011
11009296007
11009296006
11009296005
11009296004
11009295010
11009295009
11009295008
11009295007
11009285004
11009285003
11009285002
11009285001
11009283016
11009283015
11009283014
11009283013
11009283012
11009283011
11009283010
11009282016
11009282015
11009282014
11009282013
11009282012
11009282011
11009282010
11011500017
11011500015
11011500013
11011499025
11011499024
11011499023
11011499021
11011499005
11011499003
11011499001
11011495021
11011495020
11011495018
11011495017
11011495016
11011495015
11011495014
11011494011
11011494009
11011494008
11011494006
11011494004
11011492019
11011492018
11011492017
11011492016
11011492015
11011492014
11011490005
11011489001
11009357001
11011500018
11011514002
11011509006
11011509005
11011509004
11011509003
11011508020
11011508018
11011508017
11011508016
11011508014
11011507020
11011507019
11011507018
11011507017
11011507016
11011504013
11011504011
11011504009
11011504008
11011503013
11011503011
11011503009
11011503008
11011502013
11011502011
11011502009
11011502008
11011501013
11011501011
11011501009
11011501008
11009354001
11009335008
11009335007
11009335006
11009328017
11009328016
11009328015
11009328014
11009328013
11009328012
11009328011
11009328010
11009322016
11009322015
11009322014
11009322013
11009322012
11009322011
11009322010
11009335009
11009353001
11009352001
11009351001
11009335011
11009335010
11009251010
11009166001
11009165004
11009165003
11009165002
11009165001
11009163004
11009163003
11009163002
11009163001
11009161004
11009161003
11009161002
11009161001
11009159019
11009159018
11009159017
11009159016
11009159015
11009159013
11009157018
11009157017
11009157016
11009157015
11009157014
11009166002
11009188017
11009188016
11009188015
11009188014
11009169004
11009169003
11009169002
11009169001
11009166004
11009166003
11009132016
11009132015
11009132014
11009132013
11009129021
11009129020
11009129019
11009129018
11009129017
11009129016
11009129015
11009129014
11009129013
11009128005
11009128004
11009128003
11009128002
11009124005
11009124004
11009124003
11009124002
11009117019
11009117018
11009132017
11009142005
11009142004
11009142003
11009142002
11009141005
11009141004
11009141003
11009141002
11009140005
11009140004
11009140003
11009140002
11009132019
11009132018
11009188018
11009216005
11009216004
11009216003
11009216002
11009215005
11009215004
11009215003
11009215002
11009214005
11009214004
11009214003
11009214002
11009213005
11009213004
11009213003
11009213002
11009212005
11009212004
11009212003
11009212002
11009211005
11009251009
11009251008
11009251007
11009251006
11009251005
11009251003
11009251001
11009234005
11009234004
11009234003
11009234002
11009233005
11009233004
11009233003
11009233002
11009224005
11009224004
11009224003
11009224002
11009211004
11009194016
11009194015
11009194014
11009194013
11009194012
11009194011
11009194010
11009193019
11009193018
11009193017
11009193016
11009193015
11009193014
11009188023
11009188021
11009188020
11009188019
11009211003
11009211002
11018079013
11018079014
11018079015
11018079012
11018079011
11018074019
11018074018
11018079016
11018079017
11018079018
11018083012
11018085017
11019196002
11019196003
11018074017
11018074016
11018074015
11018074014
11018074012
11018073013
11018073012
11018071018
11018071017
11018071016
11018071015
11021693005
11021693004
11021693003
11021693002
11021692005
11021692004
11021692003
11021692002
11021691005
11021691004
11021691003
11021691002
11021690005
11021690004
11021690003
11021690002
11021689005
11021689004
11021689003
11021689002
11021680001
11021679001
11021678001
11021677002
11021676001
11021675001
11021674001
11021673001
11018071014
11018059018
11018059017
11018059015
11018056025
11018056023
11018056021
11018056020
11018056019
11018056018
11018056017
11018055025
11018055019
11018055018
11018055017
11018055016
11018054025
11018054023
11018054020
11018054019
11018054017
11017475005
11017475004
11017475003
11017475002
11017472005
11017472004
11017472003
11017472002
11017281020
11017281019
11017281018
11018059019
11018071013
11018071012
11018071011
11018070018
11018070017
11018070016
11018070015
11018070014
11018070013
11018070012
11018070011
11018066025
11018066023
11018066020
11018066019
11018066018
11018066017
11018066015
11018063025
11018063023
11018063021
11018063020
11018063019
11018063018
11018063017
11018063016
11018063015
11018059025
11018059023
11018059021
11018059020
11021694002
11021750005
11021750004
11021750003
11021750002
11021749005
11021749004
11021749003
11021749002
11021748005
11021748004
11021748003
11021748002
11021747005
11021747004
11021747003
11021747002
11021746005
11021746004
11021746003
11021746002
11021745005
11021745004
11021745003
11021745002
11021744005
11021744004
11021744003
11021744002
11021743005
11021743004
11021743003
11021751002
11021904005
11021904004
11021902006
11021902005
11021850005
11021850004
11021850003
11021850002
11021756005
11021756004
11021756003
11021756002
11021755005
11021755004
11021755003
11021755002
11021754005
11021754004
11021754003
11021754002
11021753005
11021753004
11021753003
11021753002
11021752005
11021752004
11021752003
11021752002
11021751005
11021751004
11021751003
11021743002
11021733005
11021733004
11021733002
11021732005
11021732004
11021732003
11021732002
11021731005
11021731004
11021731003
11021731002
11021730005
11021730004
11021730003
11021730002
11021728005
11021728004
11021728003
11021728002
11021696005
11021696004
11021696003
11021696002
11021695005
11021695004
11021695003
11021695002
11021694005
11021694004
11021694003
11021734002
11021742005
11021742004
11021742003
11021742002
11021741005
11021741004
11021741003
11021741002
11021740005
11021740004
11021740003
11021740002
11021739005
11021739004
11021739003
11021739002
11021737005
11021737004
11021737003
11021737002
11021736005
11021736004
11021736003
11021736002
11021735005
11021735004
11021735003
11021735002
11021734005
11021734004
11021734003
11017281017
11011988001
11011987001
11011985021
11011985019
11011985018
11011985017
11011985016
11011985015
11011984020
11011984019
11011984018
11011984017
11011984016
11011984015
11011984014
11011833005
11011833003
11011832005
11011832004
11011832003
11011790017
11011790016
11011790014
11011787018
11011787016
11011787015
11011989001
11012996001
11012869020
11012869019
11012869018
11012869017
11012869016
11012869015
11012869014
11012590006
11012590005
11012590004
11012590003
11012232003
11012230001
11012229001
11012228001
11012227001
11012226001
11012056002
11012056001
11012055003
11012055002
11012055001
11012054004
11012054003
11012054002
11012053004
11012053003
11012053002
11012053001
11011787014
11011541002
11011540005
11011540004
11011540003
11011540002
11011539006
11011539005
11011539004
11011519005
11011519004
11011519003
11011519002
11011518006
11011518005
11011518004
11011518003
11011517006
11011517005
11011517004
11011517003
11011516006
11011516005
11011516004
11011516003
11011514005
11011514004
11011514003
11011541003
11011787013
11011787012
11011787011
11011785018
11011785015
11011785013
11011785011
11011784018
11011784014
11011784013
11011784012
11011778020
11011777023
11011691001
11011626001
11011619001
11011617001
11011612005
11011612004
11011612003
11011612002
11011610004
11011610003
11011610002
11011610001
11011580001
11011579001
11011572001
11011541004
11012997002
11016823008
11016823006
11016823004
11016820021
11016820020
11016820019
11016820018
11016820017
11016820016
11016820015
11016820014
11016799011
11016799009
11016799008
11016799006
11016799004
11016617003
11013243015
11013243014
11013243013
11013243012
11013243011
11013243010
11013243009
11013200005
11013200004
11013200003
11013200002
11013200001
11013199005
11013199004
11016823009
11017281016
11017281015
11017281014
11017062020
11017062019
11017062018
11017062017
11017062016
11017062015
11017062014
11016949020
11016949019
11016949018
11016949017
11016949016
11016949015
11016949014
11016838011
11016838009
11016838008
11016838006
11016838004
11016827021
11016827020
11016827019
11016827018
11016827017
11016827016
11016827015
11016827014
11016823011
11013199003
11013036002
11013036001
11013035003
11013035002
11013035001
11013029004
11013029003
11013029002
11013029001
11013028001
11013027005
11013027004
11013027003
11013027002
11013016001
11013015001
11013014001
11013010004
11013010003
11013010002
11013010001
11013009004
11013009003
11013009002
11013009001
11013001009
11013001005
11013001003
11012997005
11012997004
11012997003
11013036003
11013199002
11013199001
11013051006
11013051005
11013051004
11013051003
11013047016
11013047015
11013047014
11013047013
11013047012
11013047011
11013047010
11013041005
11013041004
11013041003
11013041002
11013040004
11013040003
11013040002
11013039005
11013039004
11013039003
11013039002
11013038004
11013038003
11013038002
11013037004
11013037003
11013037002
11013037001
11009117017
11008805015
11008805016
11008805017
11008801005
11008801004
11008805018
11008805019
11008805020
11008805021
11008805023
11008805025
11008801003
11008801002
11008797004
11008797003
11008797002
11008797001
11008825016
11008825015
11008825013
11008821023
11008821020
11008821019
11008821018
11008821017
11008821014
11008819005
11008819002
11008816016
11008816015
11008816014
11008816013
11008816012
11008816011
11008816010
11008769023
11008769020
11008769019
11008769018
11008769017
11008769016
11008769015
11008769014
11008767016
11008767015
11008767014
11008767013
11008767012
11008767011
11008767010
11008765023
11008765021
11008765020
11008765019
11008765018
11008765017
11008765016
11008788004
11008788003
11008788002
11008788001
11008787004
11008787003
11008787002
11008787001
11008782005
11008782004
11008782003
11008782002
11008781005
11008781002
11008778005
11008778004
11008778003
11008778002
11008825017
11008870005
11008870004
11008870003
11008870002
11008868004
11008868003
11008868002
11008866004
11008866003
11008866002
11008863023
11008863021
11008863020
11008863019
11008863018
11008863017
11008863016
11008863015
11008863014
11008862005
11008862004
11008862003
11008862002
11008861005
11008861004
11008861003
11008861002
11008859025
11008859021
11008859020
11008871002
11008887015
11008871005
11008871004
11008871003
11008859019
11008846004
11008846003
11008846002
11008843019
11008843018
11008843017
11008843016
11008843015
11008843014
11008843013
11008836019
11008836018
11008836017
11008836016
11008836015
11008834023
11008834021
11008834020
11008834019
11008834018
11008834017
11008834016
11008834015
11008834014
11008825019
11008825018
11008846005
11008859016
11008859015
11008859014
11008857008
11008857007
11008857006
11008857003
11008853005
11008853004
11008853003
11008853002
11008852005
11008852004
11008852003
11008852002
11008848004
11008848003
11008848002
11008848001
11008765015
11008731015
11008731014
11008730021
11008730020
11008730019
11008730018
11008730017
11008730016
11008730015
11008729023
11008729021
11008729020
11008729019
11008729018
11008729017
11008729016
11008729015
11008729014
11008731016
11008736008
11008736007
11008736006
11008736005
11008736003
11008736001
11008733023
11008733021
11008733020
11008733019
11008733018
11008733017
11008733016
11008733015
11008733014
11008732021
11008732020
11008732019
11008732018
11008732017
11008732016
11008732015
11008732014
11008731023
11008731021
11008731020
11008731019
11008731018
11008731017
11008712015
11008712014
11008712013
11008712012
11008712011
11008711021
11008711020
11008711019
11008711018
11008711017
11008711016
11008711015
11008711014
11008711013
11008709023
11008709020
11008709019
11008709018
11008709017
11008709016
11008709015
11008709014
11008709013
11008707016
11008707015
11008707014
11008707013
11008707012
11008707011
11008712017
11008718025
11008718020
11008718019
11008714018
11008714017
11008714016
11008714015
11008714014
11008714013
11008714012
11008713017
11008713016
11008713015
11008713014
11008713013
11008713012
11008713011
11008761020
11008761019
11008761018
11008761017
11008761016
11008760016
11008760015
11008760014
11008760013
11008760012
11008760011
11008760010
11008758016
11008758015
11008758014
11008758013
11008758012
11008758011
11008758010
11008756015
11008756014
11008756013
11008761021
11008764023
11008764021
11008764020
11008764019
11008764018
11008764017
11008764016
11008764015
11008764014
11008763023
11008763021
11008763020
11008763019
11008763018
11008763017
11008763016
11008763015
11008762025
11008762023
11008762021
11008762020
11008762019
11008762018
11008762017
11008762016
11008762015
11008761025
11008761023
11008756012
11008750016
11008750015
11008750014
11008750013
11008750012
11008750011
11008750010
11008749001
11008746019
11008746018
11008746017
11008746016
11008746015
11008746014
11008746013
11008756011
11008756010
11008754023
11008754021
11008754020
11008754019
11008754018
11008754017
11008754016
11008754015
11008754014
11008752023
11008752020
11008752019
11008752018
11008752017
11008752016
11008752015
11009057001
11009058001
11009063008
11009063007
11009063006
11009063005
11009063003
11009063001
11009062023
11009062021
11009062020
11009062019
11009062018
11009062017
11009062016
11009062015
11009062014
11009061023
11009061021
11009061020
11009061019
11009061018
11009061017
11009061016
11009028006
11009020005
11009020004
11009020003
11009020002
11009019005
11009019003
11009015004
11009015002
11009015001
11008996004
11008996003
11008996002
11008996001
11009028007
11009035005
11009035004
11009035003
11009035002
11009033005
11009033004
11009033003
11009033002
11009032004
11009032003
11009032002
11009028011
11009028010
11009028009
11009028008
11009063009
11009095016
11009095015
11009095014
11009095013
11009095012
11009095011
11009095010
11009094019
11009094018
11009094017
11009094016
11009094015
11009094013
11009117016
11009117015
11009117013
11009116019
11009116018
11009116017
11009116016
11009116015
11009116014
11009116013
11009115023
11009115021
11009115020
11009115019
11009115018
11009115017
11009115015
11009115014
11009107005
11009106005
11009101005
11009071016
11009071015
11009071014
11009071013
11009071012
11009071011
11009071010
11009067011
11009067010
11009067009
11009067008
11009067007
11009067006
11009063011
11009063010
11009082005
11009082004
11009082003
11008909019
11008909018
11008909017
11008909016
11008909015
11008909014
11008908023
11008908020
11008908019
11008908018
11008908017
11008908015
11008907011
11008907010
11008907009
11008907008
11008907007
11008907006
11008907005
11008907003
11008907001
11008906023
11008906021
11008906020
11008906019
11008906018
11008906017
11008906016
11008906015
11008906014
11008909020
11008917019
11008917018
11008917017
11008917016
11008917015
11008917014
11008917013
11008914023
11008914021
11008914019
11008914018
11008909023
11008909021
11008904023
11008898010
11008898009
11008898008
11008898007
11008898006
11008898005
11008898003
11008898001
11008896017
11008896016
11008896015
11008896014
11008896013
11008898011
11008904021
11008904020
11008904019
11008904018
11008904017
11008904016
11008904015
11008904014
11008904013
11008903023
11008903021
11008903020
11008903019
11008903018
11008903017
11008903016
11008903015
11008903014
11008903013
11008902011
11008902010
11008902009
11008902008
11008902007
11008902006
11008901011
11008901010
11008901009
11008901008
11008901007
11008901006
11008968004
11008968003
11008968002
11008968001
11008956004
11008956003
11008956001
11008930005
11008930004
11008930003
11008930002
11008942011
11008942010
11008942009
11008942008
11008942007
11008942006
11008942005
11008942003
11008942001
11021904006
11042495019
11042495020
11042501010
11042495018
11042495017
11042495016
11042495015
11042501011
11042501012
11042501013
11042501014
11042501015
11042501016
11042545003
11042545004
11042495014
11042494020
11042494019
11042494018
11042494017
11042494016
11042494015
11042494014
11042493016
11042493015
11042493014
11042493013
11042493012
11042493011
11042493010
11042490020
11042545005
11042773006
11042773005
11042773004
11042772006
11042772005
11042772004
11042701005
11042645007
11042645006
11042645005
11042645004
11042643007
11042643006
11042643005
11042643004
11042635007
11042635006
11042635005
11042635004
11042628006
11042628005
11042628004
11042625007
11042625006
11042625005
11042625004
11042547006
11042547005
11042547004
11042547003
11042545006
11042490019
11042405018
11042405017
11042405016
11042405015
11042405014
11042387012
11042387011
11042387010
11042387009
11042387008
11042387007
11042369013
11042369012
11042369011
11042369010
11042369009
11042369008
11042369007
11042356015
11042356014
11042356013
11042356012
11042356011
11042356010
11042348015
11042348013
11042294016
11042294015
11042294014
11042294013
11042294012
11042405019
11042490018
11042490017
11042490016
11042490015
11042490014
11042489020
11042489019
11042489018
11042489017
11042489016
11042489015
11042489014
11042473020
11042473019
11042473017
11042473016
11042473015
11042473014
11042466021
11042466020
11042466019
11042466018
11042466017
11042466016
11042466015
11042460015
11042460014
11042460013
11042460011
11042460010
11042405020
11042774004
11043110001
11043108001
11043107001
11043082006
11043082005
11043082004
11043082003
11043057006
11043057005
11043057004
11043050006
11043050005
11043050004
11043050003
11043005007
11043005006
11043005005
11043005004
11043002006
11043002005
11043002004
11042990007
11042990006
11042990005
11042990004
11042988007
11042988006
11042988005
11042988004
11042982006
11042982005
11043153004
11043398018
11043398017
11043398016
11043398015
11043398014
11043372019
11043372018
11043372017
11043372016
11043368020
11043368019
11043368018
11043368017
11043368016
11043368015
11043368014
11043346026
11043346024
11043346022
11043346020
11043346003
11043346001
11043340020
11043340019
11043340018
11043340017
11043340016
11043340015
11043340014
11043153006
11043153005
11042982004
11042869006
11042869005
11042869004
11042866007
11042866006
11042866005
11042866004
11042865007
11042865006
11042865005
11042865004
11042859007
11042859006
11042859005
11042859004
11042851007
11042851006
11042851005
11042851004
11042800007
11042800006
11042800005
11042800004
11042778006
11042778005
11042778004
11042777006
11042777005
11042777004
11042774006
11042774005
11042869007
11042982003
11042951006
11042951005
11042951004
11042951003
11042949006
11042949005
11042949004
11042949003
11042940001
11042939005
11042898001
11042897001
11042896001
11042888006
11042888005
11042888004
11042885006
11042885005
11042885004
11042884006
11042884005
11042884004
11042879006
11042879005
11042879004
11042879003
11042870007
11042870006
11042870005
11042870004
11042294011
11041622003
11041621006
11041621005
11041621004
11041621003
11041600006
11041600005
11041600004
11041600003
11041593007
11041593006
11041593005
11041593004
11041570007
11041570006
11041570005
11041569007
11041569006
11041569005
11041569004
11041563007
11041563006
11041563005
11041563004
11041562007
11041562006
11041562005
11041562004
11041561006
11041561005
11041561004
11041622004
11041755005
11041755004
11041755003
11041754006
11041754005
11041754004
11041754003
11041746001
11041725005
11041725004
11041725003
11041688001
11041685007
11041685006
11041685005
11041685004
11041662007
11041662006
11041662005
11041662004
11041661007
11041661006
11041661005
11041661004
11041653001
11041623006
11041623005
11041623004
11041623003
11041622006
11041622005
11041561003
11041463004
11041463003
11041454007
11041454006
11041454005
11041454004
11041447001
11041433001
11041428001
11041400007
11041400006
11041400005
11041400004
11041368006
11041368005
11041368004
11041366006
11041366005
11041366004
11041359007
11041359006
11041359005
11041359004
11041356007
11041356006
11041356005
11041356004
11041341007
11041341006
11041341005
11041341004
11041463005
11041560006
11041560005
11041560004
11041560003
11041530007
11041530006
11041530005
11041530004
11041528007
11041528006
11041528005
11041528004
11041527007
11041527006
11041527005
11041527004
11041526007
11041526006
11041526005
11041526004
11041523007
11041523006
11041523005
11041523004
11041522007
11041522006
11041522005
11041522004
11041480001
11041479005
11041463006
11041755006
11042200019
11042200018
11042200017
11042200016
11042200015
11042155020
11042155018
11042155017
11042155016
11042155015
11042155014
11042119020
11042119019
11042119018
11042119017
11042119016
11042119015
11042103013
11042103012
11042103011
11042103010
11042103009
11042103008
11042101026
11042101024
11042101022
11042101020
11042101011
11042101010
11042101009
11042101008
11042200020
11042294010
11042294009
11042290020
11042290019
11042290018
11042290017
11042290016
11042290015
11042290014
11042245018
11042245017
11042245016
11042245015
11042233017
11042233016
11042233015
11042233014
11042208019
11042208018
11042208017
11042208016
11042208015
11042208013
11042208011
11042208009
11042205026
11042205024
11042205022
11042205020
11042205003
11042205001
11042101007
11041888012
11041888011
11041888010
11041888009
11041799006
11041799005
11041799004
11041799003
11041798006
11041798005
11041798004
11041798003
11041797006
11041797005
11041797003
11041788005
11041786005
11041782005
11041779006
11041779005
11041779004
11041779003
11041759006
11041759005
11041759004
11041759003
11041756006
11041756005
11041756004
11041756003
11041888013
11042101006
11042101003
11042101001
11042057021
11042057020
11042057019
11042057018
11042057017
11042057016
11042057015
11041956016
11041956015
11041956014
11041956013
11041956012
11041956011
11041956010
11041944020
11041944019
11041944018
11041944017
11041944015
11041932016
11041932015
11041932014
11041932013
11041932012
11041888016
11041888015
11041888014
11051873004
11051873005
11051876001
11051873003
11051873002
11051872006
11051872005
11051877001
11051878001
11051879001
11051880001
11051936006
11051937006
11051939006
11051940006
11051872004
11051872003
11051871006
11051871005
11051871004
11051871003
11051868001
11051790006
11051790005
11051790004
11051790003
11051778021
11051778020
11051778019
11051778018
11051778017
11051941006
11052540004
11052540003
11052539006
11052539005
11052539004
11052539003
11052537005
11052537003
11052537002
11052463015
11052463014
11052463013
11052463012
11052463011
11052463010
11052459020
11052459019
11052459018
11052459017
11052459016
11052459015
11052459014
11052457020
11052457019
11052457018
11052457017
11052457016
11052457015
11052444003
11052432004
11051778016
11051336003
11051335006
11051335005
11051335004
11051335003
11051334006
11051334005
11051334004
11051334003
11051333006
11051333005
11051333004
11051333003
11051332006
11051332005
11051332004
11051332003
11051331005
11051331004
11051331003
11051331002
11051330005
11051330004
11051330003
11051330002
11051329005
11051329004
11051329003
11051329002
11051328006
11051328005
11051336004
11051778015
11051778014
11051777021
11051777020
11051777019
11051777018
11051777017
11051777016
11051777015
11051777014
11051765016
11051765015
11051765014
11051765013
11051765012
11051765011
11051765010
11051339006
11051339005
11051339004
11051339003
11051338006
11051338005
11051338004
11051338003
11051337006
11051337005
11051337004
11051337003
11051336006
11051336005
11052540005
11054233001
11054232001
11054231002
11054230002
11054227001
11054226001
11054225001
11054224001
11054223002
11054222001
11054221001
11054220001
11054219001
11054218001
11054164001
11054163001
11054161001
11053875002
11053874001
11053873002
11053827006
11053827005
11053827004
11053827003
11053816006
11053816005
11053816004
11053809004
11053506001
11053505001
11053504001
11054233002
11055322001
11055321001
11054990016
11054990015
11054990014
11054990013
11054990012
11054990011
11054990010
11054551001
11054550001
11054549001
11054548001
11054547001
11054546001
11054460001
11054459001
11054458001
11054440020
11054440019
11054440018
11054440017
11054440016
11054440015
11054440014
11054433005
11054433004
11054433003
11054237001
11054235001
11054234001
11053503001
11052563003
11052563002
11052562005
11052562004
11052562003
11052562002
11052561005
11052561004
11052561003
11052561002
11052560005
11052560004
11052560003
11052560002
11052559005
11052559004
11052559003
11052559002
11052558005
11052558004
11052558003
11052558002
11052557005
11052557004
11052557003
11052557002
11052552006
11052552005
11052552004
11052552003
11052540006
11052563004
11053438005
11053438004
11053438003
11053438002
11053437006
11053437005
11053437004
11053437003
11053432006
11053432005
11053432004
11053432003
11053431006
11053431005
11053431004
11053431003
11053274001
11052576006
11052576005
11052576004
11052576003
11052575006
11052575005
11052575004
11052575003
11052563005
11051328004
11048099005
11048099004
11048099002
11048099001
11048097006
11048097005
11048097004
11048097003
11048097002
11048096006
11048096005
11048096004
11048096003
11048096002
11047330020
11047330019
11047330018
11047330017
11047330016
11047330015
11047330014
11046617001
11044243007
11044243006
11044243005
11044243004
11044243003
11043798004
11048100001
11048119016
11048119015
11048119014
11048119013
11048119012
11048119011
11048119010
11048118020
11048118019
11048118018
11048118017
11048118016
11048118015
11048118014
11048118013
11048117020
11048117018
11048117017
11048117016
11048117015
11048117014
11048117013
11048105003
11048101005
11048101004
11048101003
11048101002
11048100004
11048100003
11048100002
11043798003
11043593001
11043559016
11043559015
11043559014
11043559013
11043559012
11043559011
11043559010
11043496020
11043496019
11043496018
11043496017
11043496016
11043496015
11043496014
11043495020
11043495019
11043495018
11043495017
11043495016
11043495015
11043495014
11043441016
11043441015
11043441013
11043441012
11043441011
11043441010
11043441009
11043398020
11043398019
11043593003
11043798002
11043798001
11043797005
11043797004
11043797003
11043797002
11043616020
11043616019
11043616018
11043616017
11043616016
11043616015
11043616014
11043604016
11043604015
11043604014
11043604013
11043604012
11043604011
11043604010
11043601015
11043601014
11043601013
11043601012
11043601011
11043601010
11043601009
11043593026
11043593024
11043593022
11043593020
11048121007
11051320003
11051319004
11051319003
11051318004
11051317004
11051316004
11051315004
11051314001
11051313004
11051312004
11051235020
11051235019
11051235018
11051235017
11051235016
11051235015
11051235014
11051234020
11051234019
11051234018
11051234017
11051234016
11051234015
11051234014
11051039010
11051039009
11051039008
11050904001
11050903001
11050902001
11051320004
11051328003
11051327006
11051327005
11051327004
11051327003
11051326005
11051326004
11051326003
11051326002
11051325006
11051325005
11051325004
11051325003
11051324005
11051324004
11051324003
11051324002
11051323006
11051323005
11051323004
11051323003
11051322006
11051322005
11051322004
11051322003
11051321005
11051321004
11051321003
11051321002
11051320006
11051320005
11050322004
11048981011
11048981009
11048981008
11048980019
11048980018
11048980017
11048980015
11048980013
11048980011
11048980010
11048979019
11048979018
11048979015
11048979013
11048979011
11048979010
11048978025
11048978024
11048978023
11048978021
11048978005
11048978003
11048978001
11048977001
11048976001
11048975001
11048121012
11048121011
11048121010
11048121009
11048121008
11048981013
11050321004
11049785020
11049785019
11049785018
11049785017
11049785016
11049785015
11049785014
11049785013
11049785012
11049785011
11048984019
11048984018
11048984017
11048984015
11048984013
11048984011
11048984010
11048983018
11048983017
11048983015
11048983013
11048983011
11048983010
11048982025
11048982024
11048982023
11048982021
11048982005
11048982003
11048982001
11041302006
11027010001
11027011001
11027018001
11027009001
11027006001
11027005001
11026995005
11027019001
11027020001
11027026002
11027026003
11027026004
11027026005
11027027002
11027027003
11026995004
11026995003
11026995002
11026994005
11026994004
11026994003
11026994002
11026993005
11026993004
11026993003
11026993002
11026992005
11026992004
11026992003
11026992002
11026989005
11027027004
11027182010
11027182009
11027182008
11027182007
11027181010
11027181009
11027181008
11027180006
11027180005
11027180004
11027180003
11027179010
11027179009
11027179008
11027179007
11027057001
11027039005
11027039004
11027039003
11027039002
11027032005
11027032004
11027032003
11027032002
11027031005
11027031004
11027031003
11027031002
11027027005
11026989004
11025545016
11025545015
11025545014
11025545013
11025545012
11025545011
11025545010
11025545009
11025545008
11025545007
11025545006
11025544016
11025544015
11025544014
11025544012
11025544011
11025544010
11025544009
11025544008
11025544006
11025537002
11025536002
11025535002
11025534002
11025533002
11025532002
11025529002
11025444001
11025443001
11025429020
11025545017
11026989003
11026989002
11026983001
11026982001
11026981001
11026821007
11026821006
11026821005
11026821004
11026821003
11026821002
11026613001
11026490005
11026490004
11026490003
11026490002
11026489005
11026489004
11026489003
11026489002
11026488005
11026488004
11026488003
11025697020
11025697019
11025697018
11025697017
11025697016
11025697015
11025697014
11027183008
11027618021
11027618020
11027618019
11027618018
11027618017
11027618016
11027618015
11027617026
11027617024
11027617022
11027617020
11027617011
11027617010
11027617009
11027617008
11027617007
11027617006
11027617005
11027617003
11027617001
11027615021
11027615020
11027615019
11027615018
11027615017
11027615016
11027615015
11027621003
11027630018
11027630017
11027630016
11027630015
11027630014
11027627020
11027627019
11027627018
11027627017
11027627016
11027627015
11027627014
11027625016
11027625015
11027625014
11027625013
11027625012
11027625011
11027625010
11027624005
11027624004
11027624003
11027622006
11027622005
11027622004
11027622003
11027621006
11027621005
11027621004
11027614021
11027284011
11027284010
11027284009
11027284008
11027284007
11027284006
11027283004
11027283003
11027283002
11027283001
11027282004
11027282003
11027282002
11027282001
11027281004
11027281003
11027281002
11027281001
11027211010
11027210021
11027210019
11027210015
11027210013
11027208001
11027192001
11027184006
11027184005
11027184004
11027184003
11027183010
11027183009
11027284012
11027614020
11027614019
11027614018
11027614017
11027614016
11027614015
11027557001
11027556005
11027554007
11027554006
11027554005
11027554004
11027553011
11027553010
11027553009
11027427006
11027427005
11027427004
11027427003
11027300003
11027299003
11027298001
11027297001
11027296001
11027295001
11027294001
11027293001
11027292001
11027284013
11025429019
11024457002
11024456006
11024456005
11024456004
11024456003
11024456002
11024455006
11024455005
11024455004
11024455003
11024455002
11024454006
11024454005
11024454004
11024454003
11024454002
11024453006
11024453005
11024453004
11024453003
11024453002
11024395001
11024394001
11024325007
11024325006
11024325005
11024325004
11024323007
11024323005
11024323004
11024319011
11024457003
11024501001
11024500006
11024500005
11024500004
11024500003
11024500002
11024500001
11024499006
11024499005
11024499004
11024499003
11024499002
11024499001
11024482006
11024482005
11024482004
11024482003
11024482002
11024481006
11024481005
11024481004
11024481003
11024481002
11024458006
11024458005
11024458004
11024458003
11024458002
11024457006
11024457005
11024457004
11024319010
11022433012
11022433011
11022433010
11022433009
11022433008
11022433007
11022432015
11022432014
11022432013
11022432012
11022432011
11022432010
11022431021
11022431018
11022431017
11022431016
11022431015
11022431014
11021918006
11021918005
11021918004
11021917006
11021910006
11021910005
11021908006
11021908005
11021908004
11021907006
11021907005
11021907004
11022433013
11024319009
11024318011
11024318010
11024318009
11024313011
11024313010
11024313009
11024078001
11024077004
11024077003
11024076001
11024075001
11024073001
11024072001
11024070001
11023908004
11023872001
11023871001
11023870001
11023869001
11023815005
11023815004
11023815003
11022719001
11022718001
11022437005
11022437004
11022437003
11022434018
11022434017
11022434014
11024501002
11025166003
11025166002
11025166001
11025162004
11025162003
11025162002
11025162001
11025159003
11025159002
11025159001
11025158003
11025158002
11025158001
11025154003
11025154002
11025154001
11025153003
11025153002
11025153001
11025152003
11025152002
11025152001
11025123020
11025123019
11025123018
11025123017
11025123016
11025123015
11025123014
11025122021
11025122020
11025166004
11025429018
11025429017
11025429016
11025429015
11025429014
11025427001
11025404007
11025403006
11025403005
11025185004
11025185003
11025185002
11025185001
11025178004
11025178003
11025178002
11025178001
11025171004
11025171003
11025171002
11025171001
11025170004
11025170003
11025170002
11025170001
11025167004
11025167003
11025167002
11025167001
11025122019
11024835005
11024835004
11024835003
11024835002
11024835001
11024834007
11024834006
11024834005
11024834004
11024834003
11024834002
11024834001
11024699020
11024699019
11024699018
11024699017
11024699016
11024699015
11024699014
11024659005
11024567001
11024502006
11024502005
11024502004
11024502003
11024502002
11024502001
11024501006
11024501005
11024501004
11024501003
11024835006
11025122018
11025122017
11025122016
11025122015
11025122014
11024866006
11024866005
11024866004
11024866003
11024857001
11024856001
11024855001
11024854001
11024853001
11024843006
11024843005
11024843004
11024843003
11024843002
11024842001
11024841001
11024840001
11024839001
11024836007
11024836006
11024836005
11024836004
11024836003
11024836002
11024836001
11024835007
11039999013
11039999014
11039999015
11039999012
11039999011
11039999010
11039986026
11039999016
11040009010
11040009011
11040009012
11040009013
11040009014
11040009015
11040009016
11039986024
11039986022
11039986020
11039986003
11039986001
11039982020
11039982019
11039982018
11039982017
11039982016
11039982015
11039978026
11039978024
11039978022
11039978020
11039978003
11040011009
11040051020
11040051005
11040051003
11040051001
11040049021
11040049020
11040049019
11040049018
11040049017
11040049016
11040049015
11040048021
11040048020
11040048019
11040048018
11040048017
11040048016
11040048015
11040047021
11040047020
11040047019
11040047018
11040047017
11040047016
11040047015
11040011016
11040011015
11040011013
11040011012
11040011011
11040011010
11039978001
11039941018
11039941017
11039941016
11039941015
11039940021
11039940020
11039940019
11039940018
11039940017
11039940016
11039940015
11039937021
11039937020
11039937019
11039937018
11039937017
11039937016
11039937015
11039924026
11039924024
11039924022
11039924020
11039924005
11039924003
11039924001
11039920021
11039920020
11039920019
11039920018
11039920017
11039920016
11039941019
11039976026
11039976024
11039976022
11039976020
11039976005
11039976003
11039976001
11039974026
11039974024
11039974022
11039974020
11039974005
11039974003
11039974001
11039972026
11039972022
11039972011
11039972007
11039972006
11039972005
11039972003
11039972001
11039958021
11039958020
11039958019
11039958018
11039958017
11039958016
11039958015
11039941021
11039941020
11040051022
11040629006
11040629005
11040629004
11040557006
11040557005
11040557004
11040555006
11040555005
11040555004
11040554006
11040554005
11040554004
11040514001
11040513001
11040455007
11040455006
11040455005
11040455004
11040346001
11040340001
11040299001
11040267007
11040267006
11040267005
11040267004
11040248026
11040248024
11040248022
11040248020
11040248003
11040248001
11040629007
11041302005
11041302004
11041302003
11040994001
11040940001
11040787006
11040787005
11040787004
11040787003
11040786006
11040786005
11040786004
11040780006
11040780005
11040780004
11040779006
11040779005
11040779004
11040776007
11040776006
11040776005
11040776004
11040776003
11040773006
11040773005
11040773004
11040763006
11040763005
11040763004
11040763003
11040244020
11040166007
11040166006
11040165011
11040165010
11040165009
11040165008
11040165007
11040165006
11040110020
11040110019
11040110018
11040110017
11040110016
11040110015
11040110014
11040054026
11040054024
11040054022
11040054020
11040054005
11040054003
11040054001
11040052026
11040052024
11040052022
11040052020
11040052005
11040052003
11040052001
11040051026
11040051024
11040166008
11040244019
11040244018
11040244017
11040244016
11040244015
11040226016
11040226015
11040226014
11040226013
11040226012
11040226011
11040226010
11040221020
11040221019
11040221017
11040221016
11040221015
11040203020
11040203019
11040203018
11040203017
11040203016
11040203015
11040203014
11040166011
11040166010
11040166009
11039920015
11027815005
11027815004
11027815003
11027815002
11027804006
11027804005
11027804004
11027804003
11027803006
11027803005
11027803004
11027803003
11027772006
11027772005
11027772004
11027772003
11027771005
11027771004
11027771003
11027771002
11027770005
11027770004
11027770003
11027770002
11027739005
11027739004
11027739003
11027739002
11027700016
11027700015
11027700014
11027849010
11028660011
11028660010
11028658019
11028658018
11028658017
11028658015
11028658013
11028658011
11028658010
11028656013
11028656011
11028656009
11028656008
11028655019
11028655018
11028655017
11028655015
11028655013
11028655011
11028655010
11028490002
11028489003
11028488003
11027849018
11027849017
11027849016
11027849015
11027849014
11027849013
11027849012
11027849011
11027700013
11027641005
11027641004
11027641003
11027641002
11027640005
11027640004
11027640003
11027640002
11027635016
11027635015
11027635014
11027635013
11027635012
11027635011
11027635010
11027633020
11027633019
11027633018
11027633017
11027633016
11027633015
11027633014
11027632019
11027632017
11027632016
11027632015
11027630020
11027630019
11027644003
11027700012
11027700011
11027700010
11027665001
11027655019
11027655018
11027655017
11027655016
11027655015
11027655013
11027655011
11027655009
11027652005
11027652004
11027652003
11027652002
11027650006
11027650005
11027650004
11027650003
11027647006
11027647005
11027647004
11027647003
11027645001
11027644006
11027644005
11027644004
11028660012
11039863003
11039863001
11039858026
11039858024
11039858020
11039858010
11039858008
11039858007
11039858006
11039858005
11039858003
11039858001
11039849021
11039849020
11039849019
11039849018
11039849017
11039849016
11039824021
11039824020
11039824019
11039824018
11039824017
11039824016
11039824015
11039789003
11039767020
11039767019
11039767018
11039767017
11039767016
11039863005
11039917021
11039917020
11039917019
11039917018
11039917017
11039917016
11039917015
11039905021
11039905020
11039905019
11039905018
11039905017
11039905016
11039905015
11039900021
11039900020
11039900019
11039900018
11039900017
11039900016
11039900015
11039870021
11039870020
11039870019
11039870018
11039870017
11039870016
11039870015
11039863026
11039863024
11039863020
11039767015
11028679015
11028679014
11028679013
11028679012
11028679011
11028679010
11028679009
11028678005
11028678004
11028678003
11028678002
11028666006
11028666005
11028666004
11028666003
11028665005
11028665004
11028665003
11028665002
11028664006
11028664005
11028664004
11028664003
11028663006
11028663005
11028663004
11028663003
11028660016
11028660015
11028660014
11028660013
11028679016
11039767014
11028703006
11028703005
11028703004
11028703003
11028702001
11028700020
11028700019
11028700018
11028700017
11028700016
11028700015
11028700014
11028699003
11028699002
11028699001
11028681016
11028681015
11028681014
11028681013
11028681012
11028681011
11028681010
11028681009
11028680019
11028680017
11028680016
11028680015
11028680013
11028680011
11028680009
11008707010
10990656013
10990656014
10990656015
10990656012
10990656011
10990656010
10990636023
10990656016
10990663014
10990663015
10990663016
10990663017
10990663018
10990663019
10990636021
10990636020
10990636019
10990636018
10990636017
10990636016
10990636015
10990636014
10990619006
10990619005
10990619004
10990619003
10990618006
10990618005
10990618004
10990618003
10990663020
10990691005
10990691004
10990691003
10990691002
10990687005
10990687004
10990687003
10990686005
10990686004
10990686003
10990664023
10990664021
10990664020
10990664019
10990664018
10990664017
10990664016
10990664015
10990664014
10990663023
10990663021
10990601023
10990513018
10990513017
10990513016
10990513015
10990513014
10990513013
10990468018
10990468017
10990468016
10990468015
10990468014
10990468013
10990468012
10990468011
10990468010
10990454011
10990454010
10990454009
10990454008
10990454007
10990454006
10990451011
10990451010
10990451009
10990451008
10990451007
10990451006
10990450011
10990450010
10990450009
10990450008
10990513019
10990601021
10990601020
10990601019
10990601018
10990601017
10990601016
10990601015
10990601014
10990550013
10990535008
10990535006
10990535004
10990535002
10990851019
10990851018
10990851017
10990851016
10990851015
10990851014
10990816005
10990816004
10990816003
10990816002
10990796001
10990782023
10990782021
10990782020
10990782019
10990782018
10990782017
10990782016
10990782015
10990782014
10990851020
10990853021
10990853020
10990853019
10990853018
10990853017
10990853016
10990853015
10990853014
10990852023
10990852021
10990852020
10990852019
10990852018
10990852017
10990852016
10990852015
10990852014
10990851021
10990781021
10990775014
10990766023
10990766021
10990766020
10990766019
10990766018
10990766017
10990766016
10990766015
10990766014
10990735016
10990735015
10990735014
10990735013
10990735012
10990735011
10990735010
10990775015
10990781020
10990781019
10990781018
10990781017
10990781016
10990781015
10990781014
10990779023
10990779021
10990779020
10990779019
10990779018
10990779017
10990779016
10990779015
10990779014
10990778021
10990778020
10990778019
10990778018
10990778017
10990778016
10990778015
10990778014
10990775021
10990775020
10990775019
10990775018
10990775017
10990775016
10990450007
10990314016
10990314015
10990203017
10990203016
10990203015
10990203014
10990203013
10990203012
10990203011
10990203010
10990201017
10990201016
10990201015
10990201014
10990201013
10990201012
10990201011
10990201010
10990200016
10990200015
10990200014
10990200013
10990200012
10990200011
10990200010
10990314017
10990363020
10990363019
10990363018
10990363017
10990363016
10990363015
10990356021
10990356020
10990356019
10990356018
10990356017
10990356016
10990356015
10990356014
10990345023
10990345021
10990345020
10990345019
10990345018
10990345017
10990345016
10990345015
10990327020
10990327019
10990327018
10990314023
10990314021
10990314020
10990314019
10990314018
10990000005
10990000004
10990000003
10989995004
10989995003
10989995002
10989995001
10989994004
10989994003
10989994002
10989994001
10989993004
10989993003
10989993002
10989993001
10989992004
10989992003
10989992002
10989992001
10989991004
10989991003
10989991002
10989991001
10989990004
10989990003
10989990002
10989990001
10989989004
10989989003
10990006002
10990063004
10990063003
10990063002
10990053004
10990053003
10990053002
10990035004
10990035003
10990035002
10990034005
10990034004
10990034003
10990034002
10990032005
10990032004
10990032003
10990032002
10990023005
10990023004
10990023003
10990023002
10990006004
10990006003
10990363023
10990443017
10990443016
10990443015
10990443014
10990443013
10990443012
10990443011
10990443010
10990440021
10990440020
10990440019
10990440018
10990440017
10990440016
10990440015
10990440014
10990439021
10990439020
10990439019
10990439018
10990439017
10990439016
10990439015
10990439014
10990438021
10990438020
10990444014
10990450006
10990449021
10990449020
10990449019
10990449018
10990449017
10990449016
10990449015
10990449014
10990448021
10990448020
10990448019
10990448018
10990448017
10990448016
10990448015
10990448014
10990447021
10990447020
10990447019
10990447018
10990447017
10990447016
10990447014
10990444021
10990444020
10990444019
10990444018
10990444017
10990444016
10990444015
10990438019
10990432016
10990432015
10990432014
10990429021
10990429020
10990429019
10990429018
10990429017
10990429015
10990429014
10990427021
10990427020
10990427019
10990427018
10990427017
10990427016
10990427015
10990427014
10990415023
10990415020
10990415019
10990415018
10990415017
10990415015
10990414021
10990414019
10990414018
10990414017
10990414016
10990414015
10990432017
10990438018
10990438017
10990438016
10990438015
10990438014
10990437021
10990437020
10990437019
10990437018
10990437017
10990437016
10990437015
10990437014
10990436021
10990436020
10990436019
10990436018
10990436017
10990436016
10990436014
10990433020
10990433019
10990433018
10990433017
10990433016
10990433015
10990433014
10990432021
10990432020
10990432019
10990432018
10991427007
10991621009
10991621008
10991621006
10991620016
10991620013
10991620012
10991620010
10991620009
10991618011
10991618010
10991618009
10991618008
10991617011
10991617010
10991617008
10991617007
10991615017
10991615015
10991615014
10991614026
10991614024
10991614022
10991613026
10991613024
10991613022
10991613020
10991613001
10991612005
10991612003
10991427006
10991267005
10991267004
10991267003
10991250005
10991250004
10991250003
10991250002
10991249005
10991249004
10991249003
10991249002
10991248005
10991248004
10991248003
10991248002
10991247005
10991247004
10991247003
10991247002
10991197006
10991197005
10991197004
10991197003
10991196006
10991196005
10991196004
10991196003
10991427005
10991427004
10991426007
10991426006
10991426005
10991426004
10991425010
10991425009
10991425008
10991425007
10991384002
10991384001
10991383003
10991383002
10991383001
10991382003
10991382002
10991382001
10991365005
10991365004
10991365003
10991621010
10991683002
10991672004
10991672003
10991672002
10991670019
10991670018
10991670017
10991670016
10991670015
10991669016
10991669015
10991669013
10991669012
10991669010
10991669009
10991657003
10991656005
10991656004
10991656003
10991652005
10991652004
10991652003
10991652002
10991651005
10991651004
10991651003
10991651002
10991650005
10991650004
10991650003
10991648009
10991683003
10991739004
10991739003
10991739002
10991739001
10991738004
10991738003
10991738002
10991738001
10991729005
10991729004
10991729003
10991729002
10991728005
10991728004
10991728003
10991728002
10991725005
10991725004
10991725003
10991725002
10991705004
10991705003
10991705002
10991705001
10991704001
10991684005
10991684004
10991684003
10991684002
10991683005
10991683004
10991648002
10991636016
10991636015
10991636014
10991635014
10991635013
10991635012
10991635011
10991635010
10991635009
10991633016
10991633015
10991633014
10991633013
10991633012
10991633011
10991633010
10991633009
10991629020
10991629019
10991629018
10991629016
10991629015
10991627019
10991627017
10991627016
10991627015
10991625016
10991625015
10991625012
10991625011
10991621011
10991636017
10991648001
10991647009
10991647008
10991647001
10991646005
10991646004
10991646003
10991645005
10991645004
10991645003
10991644003
10991643005
10991643004
10991643003
10991642001
10991641006
10991641005
10991641004
10991641003
10991640001
10991639005
10991639003
10991637015
10991637014
10991637013
10991637012
10991637011
10991637010
10991636020
10991636019
10991636018
10990920021
10990920020
10990920019
10990920018
10990920017
10990920016
10990920015
10990920014
10990919021
10990919020
10990919019
10990919018
10990919017
10990919016
10990919015
10990919014
10990918023
10990918021
10990918020
10990918019
10990918018
10990918017
10990918016
10990918015
10990918014
10990917023
10990917021
10990917020
10990917019
10991011016
10991011015
10991011014
10991011013
10991011012
10991011011
10991011010
10990992005
10990966005
10990966004
10990966002
10990965004
10990965003
10990965002
10990917018
10990911021
10990911020
10990911019
10990911018
10990911017
10990911016
10990911015
10990911014
10990909023
10990909021
10990909020
10990909019
10990909018
10990909017
10990909016
10990909015
10990909014
10990904023
10990904021
10990904020
10990904019
10990904018
10990904016
10990904015
10990904014
10990911023
10990917017
10990917016
10990917015
10990917014
10990915023
10990915021
10990915020
10990915019
10990915018
10990915017
10990915016
10990915015
10990915014
10990912023
10990912021
10990912020
10990912019
10990912018
10990912017
10990912016
10990912015
10990912014
10991115018
10991115017
10991115016
10991115015
10991112023
10991112021
10991112020
10991112019
10991112018
10991112017
10991112016
10991112015
10991112014
10991107016
10991107015
10991107014
10991107013
10991107012
10991107011
10991107010
10991102016
10991102014
10991092019
10991092018
10991092017
10991092016
10991092015
10991092014
10991092013
10991068019
10991143005
10991143004
10991143003
10991143002
10991141005
10991141004
10991141003
10991141002
10991127023
10991127021
10991127020
10991127019
10991127018
10991127017
10991127016
10991127015
10991127014
10991116023
10991116021
10991116020
10991116019
10991116018
10991116017
10991116016
10991116015
10991116014
10991115020
10991068018
10991051019
10991051018
10991051017
10991051016
10991051015
10991051014
10991050011
10991050010
10991050009
10991050008
10991050007
10991050006
10991022005
10991022004
10991022003
10991022002
10991021005
10991021004
10991021003
10991021002
10991051020
10991068017
10991068016
10991068015
10991068014
10991068013
10991067019
10991067018
10991067017
10991067016
10991067015
10991067014
10991067013
10991057016
10991057015
10991057014
10991057013
10991057012
10991057011
10991057010
10991056016
10991056015
10991056014
10991056013
10991056012
10991056011
10991056010
10991051021
10989989002
10986284017
10986284018
10986284019
10986284015
10986284014
10986282026
10986282024
10986284020
10986285016
10986285017
10986285018
10986285019
10986285020
10986289015
10986289016
10986282022
10986282020
10986282001
10986279020
10986279019
10986279018
10986279017
10986279016
10986279015
10986277019
10986277018
10986277017
10986277016
10986274020
10986274018
10986274017
10986289017
10986330009
10986328026
10986328022
10986328020
10986326019
10986326018
10986326017
10986317026
10986317020
10986293020
10986293019
10986293018
10986293017
10986293016
10986293015
10986293014
10986292020
10986292019
10986292014
10986289020
10986289019
10986289018
10986274016
10986263020
10986263019
10986263018
10986263017
10986263016
10986263015
10986263014
10986261017
10986261015
10986254020
10986254019
10986254018
10986252016
10986252015
10986252014
10986252013
10986252012
10986252011
10986252010
10986252009
10986250020
10986250018
10986250017
10986250016
10986250015
10986250014
10986248016
10986264020
10986274015
10986274014
10986272020
10986272019
10986272016
10986271024
10986271022
10986271020
10986270024
10986270022
10986270020
10986270001
10986265026
10986265024
10986265022
10986265020
10986265003
10986265001
10986264026
10986390003
10986385005
10986385003
10986382006
10986382005
10986382004
10986382003
10986381005
10986381004
10986381003
10986380006
10986380005
10986380004
10986380003
10986378005
10986378004
10986378003
10986377006
10986377005
10986377004
10986377003
10986376009
10986376008
10986376007
10986390004
10986419007
10986419006
10986419005
10986417002
10986415004
10986415003
10986415002
10986414005
10986414004
10986414003
10986414002
10986413005
10986413004
10986413003
10986413002
10986398005
10986398004
10986396005
10986396004
10986396003
10986391006
10986391005
10986391004
10986391003
10986390005
10986373009
10986348004
10986348003
10986348002
10986346006
10986346004
10986346003
10986338004
10986338003
10986338002
10986337005
10986337003
10986337002
10986336005
10986336002
10986331011
10986331009
10986331008
10986331007
10986331006
10986330015
10986348005
10986373008
10986373007
10986371005
10986371004
10986371003
10986371002
10986370005
10986370004
10986370003
10986370002
10986367009
10986367008
10986366009
10986366007
10986364006
10986364005
10986364004
10986364003
10986248015
10984300002
10984300001
10984299004
10984299003
10984299002
10984298004
10984298003
10984298002
10984298001
10984297004
10984297003
10984297002
10984297001
10984295004
10984295003
10984295002
10984295001
10984290004
10984290003
10984290002
10984290001
10984288004
10984288002
10984287004
10984287002
10984287001
10984286004
10984300003
10984321003
10984321002
10984321001
10984317004
10984317003
10984317002
10984317001
10984315004
10984315003
10984315002
10984315001
10984313002
10984312003
10984312002
10984312001
10984311004
10984311003
10984311001
10984309004
10984309003
10984309001
10984305004
10984305003
10984305002
10984305001
10984302004
10984302003
10984302002
10984301004
10984300004
10984286003
10984269004
10984269003
10984269002
10984269001
10984268004
10984268003
10984268002
10984268001
10984266004
10984266003
10984266002
10984265003
10984265002
10984265001
10984264004
10984264003
10984264002
10984264001
10984263004
10984263003
10984263002
10984263001
10984260004
10984260003
10984260002
10984260001
10984258004
10984258003
10984258002
10984270002
10984286002
10984286001
10984283003
10984283002
10984283001
10984282003
10984282002
10984282001
10984281003
10984281001
10984280003
10984280002
10984280001
10984279003
10984279002
10984279001
10984278003
10984278002
10984278001
10984272004
10984272003
10984272002
10984272001
10984271004
10984271003
10984271002
10984270003
10984321004
10986236010
10986236009
10986229005
10986222005
10986222004
10986222003
10985759020
10985759019
10985759018
10985759017
10985759016
10985759015
10985759014
10985758006
10985758005
10985758004
10985758003
10985757003
10985756019
10985756017
10985756016
10985756015
10985755018
10985755017
10985755016
10985755015
10985755014
10986236011
10986248014
10986248013
10986248011
10986248010
10986248009
10986245020
10986245019
10986245018
10986245017
10986245016
10986245015
10986245014
10986241019
10986241018
10986241017
10986241016
10986241015
10986241014
10986237020
10986237019
10986237018
10986237017
10986237016
10986237015
10986237014
10986236016
10986236015
10986236014
10986236013
10986236012
10985754020
10985747020
10985747019
10985745019
10985745018
10985745017
10985743015
10984561004
10984561002
10984560001
10984557001
10984556004
10984556002
10984547004
10984547002
10984534001
10984533001
10984532001
10984530001
10984528001
10984518001
10984330001
10984329001
10984324004
10984324003
10984324002
10984324001
10985754019
10985754018
10985754017
10985754016
10985754015
10985754014
10985753017
10985752019
10985752018
10985752017
10985752016
10985752014
10985751019
10985751018
10985750026
10985750024
10985750022
10985750020
10985750003
10985750001
10985749020
10985749019
10985749018
10985749017
10985749016
10985748020
10985748019
10985748018
10985748017
10985748016
10989334005
10989335003
10989334004
10989334003
10989334002
10989333005
10989335004
10989335005
10989347001
10989372002
10989372003
10989372004
10989372005
10989373002
10989333004
10989333003
10989286005
10989286004
10989286003
10989286002
10989274004
10989274003
10989274002
10989271004
10989271003
10989271002
10989373003
10989482004
10989482003
10989482002
10989482001
10989480004
10989480003
10989480002
10989480001
10989479004
10989479003
10989479002
10989479001
10989434004
10989434003
10989434002
10989434001
10989376005
10989376004
10989376003
10989376002
10989373005
10989373004
10989271001
10987982003
10987981005
10987981003
10987980005
10987980004
10987980003
10987980002
10987970001
10987943018
10987943017
10987943015
10987943014
10987943013
10987943012
10987943011
10987943010
10987843001
10987842001
10987752006
10987752005
10987752004
10987752003
10987982004
10989270004
10989270002
10989270001
10989269002
10989269001
10989266004
10989266003
10989266002
10989266001
10989261004
10989261003
10989261002
10989261001
10989248004
10989248003
10989248002
10989247004
10989247003
10989247002
10989246003
10989246002
10989241004
10989241003
10989241002
10989240004
10989240003
10989240002
10987985005
10987984005
10987984003
10987983005
10989539002
10989809002
10989807004
10989807003
10989807002
10989800004
10989800003
10989800002
10989785001
10989722003
10989722001
10989721004
10989721003
10989721002
10989721001
10989708005
10989708004
10989809003
10989989001
10989917004
10989917003
10989917002
10989916004
10989916003
10989916002
10989915004
10989915003
10989915002
10989875005
10989875004
10989844004
10989844003
10989844002
10989844001
10989843004
10989843003
10989843002
10989843001
10989842004
10989842003
10989842002
10989842001
10989809004
10989708003
10989602003
10989602002
10989601005
10989601004
10989601003
10989601002
10989600005
10989600004
10989600003
10989600002
10989561004
10989561003
10989561002
10989561001
10989559004
10989559002
10989559001
10989539005
10989539004
10989602004
10989708002
10989705005
10989705004
10989705003
10989704005
10989704004
10989704003
10989704002
10989703004
10989703003
10989632004
10989632003
10989632002
10989631004
10989631003
10989631002
10989630004
10989630003
10989621004
10989621003
10989621002
10989620004
10989620003
10989620002
10989602005
10987452006
10986530008
10986530007
10986530005
10986530004
10986530003
10986530002
10986527021
10986527019
10986527017
10986527015
10986527013
10986479006
10986479003
10986478008
10986478007
10986476026
10986476024
10986476022
10986476020
10986476003
10986476001
10986475011
10986475010
10986475009
10986475008
10986475007
10986475006
10986474006
10986474005
10986474004
10986533003
10986540005
10986540004
10986540003
10986540002
10986539005
10986539004
10986539003
10986539002
10986538008
10986538007
10986538006
10986538005
10986537005
10986537004
10986537003
10986537002
10986536008
10986536007
10986536006
10986536005
10986535005
10986535004
10986535003
10986535002
10986534006
10986534005
10986534004
10986534003
10986533006
10986533005
10986533004
10986474003
10986442004
10986442003
10986441006
10986441005
10986441004
10986441003
10986440006
10986440005
10986440004
10986440003
10986434006
10986434005
10986434004
10986434003
10986433005
10986433004
10986433003
10986433002
10986431005
10986431004
10986431003
10986431002
10986428004
10986423004
10986421008
10986421007
10986421006
10986421005
10986419008
10986442005
10986473005
10986473004
10986473003
10986473002
10986470006
10986467003
10986460009
10986460008
10986460007
10986457009
10986457008
10986457007
10986456009
10986456008
10986456007
10986455003
10986451004
10986451003
10986451002
10986450004
10986450003
10986450002
10986442006
10986541002
10987398015
10987398014
10987395021
10987395019
10987395018
10987395017
10987395016
10987395015
10987395014
10987280023
10987280021
10987280020
10987280019
10987280018
10987280017
10987280016
10987280015
10986864022
10986860020
10986860019
10986860018
10986860017
10986860016
10986860015
10986860014
10987398016
10987452005
10987452004
10987452003
10987411016
10987411015
10987411014
10987411013
10987411012
10987411011
10987411010
10987408013
10987408012
10987408011
10987408010
10987408009
10987408008
10987408007
10987399020
10987399019
10987399018
10987399017
10987399016
10987399015
10987399014
10987398020
10987398019
10987398018
10987398017
10986580019
10986580018
10986580017
10986580016
10986580015
10986580014
10986557021
10986557019
10986557017
10986557015
10986557013
10986556021
10986556019
10986556017
10986556015
10986556013
10986544006
10986544005
10986544004
10986544003
10986543006
10986543005
10986543004
10986543003
10986542005
10986542004
10986542003
10986542002
10986541005
10986541004
10986541003
10986580020
10986655016
10986655015
10986655014
10986655013
10986655012
10986655011
10986655010
10986655009
10986654005
10986654004
10986654003
10986654002
10986585005
10986585004
10986585003
10986583019
10986583018
10986583017
10986583016
10986583015
10991742001
11008422001
11008420016
11008420015
11008420014
11008420013
11008420012
11008420011
11008420010
11008412016
11008412015
11008412014
11008412013
11008412012
11008439016
11008439015
11008439014
11008437023
11008437021
11008437020
11008437019
11008437018
11008437017
11008437016
11008437015
11008437014
11008436023
11008436020
11008436019
11008436018
11008436017
11008436016
11008436015
11008436014
11008435011
11008435010
11008435009
11008435008
11008435007
11008435006
11008435005
11008435003
11008435001
11008412011
11008402021
11008402019
11008402017
11008402015
11008402013
11008401016
11008401015
11008401014
11008401013
11008401012
11008401011
11008401010
11008400016
11008400015
11008400014
11008400013
11008400012
11008400011
11008400010
11008398018
11008398016
11008398014
11008398013
11008398011
11008397024
11008397022
11008397020
11008397005
11008397003
11008397001
11008395011
11008412010
11008411016
11008411015
11008411014
11008411013
11008411012
11008411011
11008411010
11008405023
11008405020
11008405019
11008405018
11008405017
11008405015
11008405014
11008439017
11008469005
11008469004
11008469003
11008469002
11008467019
11008467018
11008467017
11008467016
11008467015
11008467014
11008467013
11008466021
11008466019
11008466017
11008466015
11008466013
11008465019
11008465018
11008465017
11008465016
11008465015
11008480013
11008480012
11008480011
11008480010
11008479016
11008479015
11008479014
11008479013
11008479012
11008479011
11008479010
11008465014
11008449005
11008449004
11008449003
11008449002
11008448023
11008448021
11008448020
11008448019
11008448018
11008448017
11008448016
11008439023
11008439021
11008439020
11008439019
11008439018
11008465013
11008464023
11008464019
11008464018
11008464017
11008464016
11008464015
11008464014
11008464013
11008463017
11008463016
11008463015
11008463014
11008463013
11008395010
11007964003
11007964002
11007964001
11007956007
11007956006
11007956005
11007956004
11007956003
11007956002
11007955005
11007955004
11007955003
11007955002
11007955001
11007954006
11007954005
11007954004
11007954003
11007954002
11007953007
11007953005
11007953004
11007953003
11007953002
11007952005
11007952004
11007952003
11007952002
11007952001
11007964004
11007974003
11007974002
11007974001
11007973004
11007973003
11007973002
11007973001
11007969007
11007969006
11007969005
11007969004
11007969003
11007969002
11007968004
11007968003
11007968002
11007968001
11007967004
11007967003
11007967002
11007967001
11007966007
11007966006
11007966005
11007966004
11007966003
11007966002
11007965004
11007965003
11007965002
11007965001
11007825005
11007825004
11007825003
11007825002
11007824007
11007824006
11007824005
11007824004
11007824003
11007824002
11007824001
11007823005
11007823004
11007823003
11007823002
11007823001
11007822006
11007822005
11007822004
11007822003
11007822002
11007699004
11007699003
11007699002
11007699001
11007698004
11007698003
11007698002
11007698001
11005707013
11005707011
11007825006
11007951002
11007950006
11007950005
11007950004
11007950003
11007950002
11007949006
11007949005
11007949004
11007949003
11007949002
11007892005
11007892004
11007892003
11007892002
11007891005
11007891004
11007891003
11007891002
11007827007
11007827006
11007827005
11007827004
11007827003
11007827002
11007827001
11007826005
11007826004
11007826003
11007826002
11007826001
11007989001
11008377011
11008377010
11008374023
11008374021
11008374020
11008374019
11008374018
11008374017
11008374016
11008374015
11008374014
11008374013
11008373017
11008373015
11008373013
11008368005
11008368004
11008368003
11008368002
11008367004
11008367003
11008367002
11008367001
11008366004
11008366003
11008366002
11008366001
11008377012
11008395009
11008395008
11008395007
11008395006
11008392004
11008392003
11008392002
11008385024
11008385022
11008385020
11008385005
11008385003
11008385001
11008377016
11008377015
11008377014
11008377013
11008355005
11008330017
11008330016
11008330015
11008330014
11008330013
11008074006
11008074005
11008074004
11008074003
11008074002
11008073006
11008073003
11008073002
11008072006
11008072005
11008072004
11008072003
11008072002
11008008006
11008008005
11008008004
11008008003
11008008002
11007996006
11007996005
11007996004
11007996003
11007996002
11007989004
11007989003
11007989002
11008330018
11008355004
11008355003
11008355002
11008354005
11008354004
11008354003
11008354002
11008352004
11008352003
11008352002
11008333011
11008333010
11008333009
11008333008
11008333007
11008333006
11008332019
11008332018
11008332017
11008332016
11008332015
11008332014
11008332013
11008331019
11008331018
11008331017
11008331016
11008331015
11008331014
11008331013
11008330019
11008616023
11008616021
11008616020
11008616019
11008616018
11008616017
11008616016
11008616015
11008616014
11008614023
11008614020
11008614019
11008664004
11008664003
11008664002
11008664001
11008661011
11008661010
11008661009
11008661007
11008659011
11008659010
11008659009
11008659008
11008659007
11008659006
11008614018
11008605023
11008605021
11008605020
11008605019
11008605018
11008605017
11008605016
11008605015
11008605014
11008600016
11008600015
11008600014
11008600013
11008600012
11008600011
11008600010
11008614017
11008614016
11008614015
11008614014
11008613016
11008613015
11008613014
11008613013
11008613012
11008613011
11008613010
11008609023
11008609021
11008609020
11008609019
11008609018
11008609017
11008609016
11008609015
11008609014
11008682015
11008682014
11008682013
11008682012
11008682011
11008682010
11008680016
11008680015
11008680014
11008680013
11008680012
11008680011
11008680010
11008682016
11008704023
11008704021
11008704020
11008704019
11008704018
11008704017
11008704016
11008704015
11008704014
11008691015
11008691013
11008690005
11008690004
11008690003
11008690002
11008673013
11008673012
11008673011
11008673010
11008673014
11008676023
11008676021
11008676020
11008676019
11008676018
11008676017
11008676016
11008676015
11008676014
11008675018
11008675017
11008675016
11008675015
11008675014
11008675013
11008674016
11008674015
11008674014
11008674013
11008674012
11008674011
11008674010
11008673016
11008673015
11008507010
11008507009
11008507008
11008507007
11008507006
11008507005
11008507003
11008507001
11008506021
11008506020
11008506019
11008506018
11008506017
11008506016
11008506015
11008506014
11008504023
11008504019
11008504018
11008504017
11008504015
11008504014
11008507011
11008525003
11008525002
11008522005
11008522004
11008522003
11008522002
11008515018
11008515016
11008515014
11008515013
11008515011
11008513004
11008513003
11008513002
11008513001
11008509011
11008509010
11008509009
11008509008
11008509007
11008509006
11008508024
11008508022
11008508016
11008508014
11008490018
11008490017
11008490015
11008490014
11008490013
11008489023
11008489021
11008489020
11008489019
11008489018
11008489017
11008489016
11008489015
11008488018
11008488017
11008488016
11008488015
11008488014
11008488013
11008487019
11008487018
11008487017
11008487016
11008487015
11008487014
11008487013
11008482001
11008480016
11008480015
11008480014
11008500019
11008500018
11008500017
11008500016
11008500015
11008500014
11008500013
11008499019
11008499018
11008499015
11008499014
11008499013
11008498019
11008498013
11008495019
11008495018
11008495017
11008495016
11008495015
11008495014
11008495013
11008525004
11008586003
11008586002
11008586001
11008585004
11008585003
11008585002
11008585001
11008584003
11008584002
11008584001
11008583004
11008583002
11008583001
11008571004
11008571003
11008571002
11008571001
11008570004
11008570003
11008570002
11008570001
11008567004
11008567003
11008567002
11008567001
11008566004
11008566003
11008592016
11008592015
11008592014
11008592013
11008592012
11008592011
11008592010
11008590016
11008590015
11008590014
11008590013
11008590012
11008590011
11008590010
11008566002
11008547004
11008547002
11008547001
11008545004
11008545003
11008545002
11008545001
11008544004
11008544003
11008544002
11008544001
11008534005
11008534004
11008534003
11008534002
11008533005
11008533004
11008533003
11008533002
11008525005
11008566001
11008565005
11008565004
11008565003
11008565002
11008564005
11008564004
11008564003
11008564002
11008562005
11008562004
11008562003
11008562002
11008560004
11008560003
11008560002
11008560001
11008559004
11008559003
11008559002
11005707010
11001241021
11001242015
11001242016
11001241019
11001241018
11001241017
11001242017
11001242018
11001242019
11001242020
11001243015
11001243016
11001243017
11001243018
11001240021
11001240020
11001240019
11001240018
11001240017
11001240016
11001236026
11001236024
11001236022
11001236020
11001236003
11001236001
11001235024
11001235020
11001243019
11001350020
11001350019
11001350018
11001350017
11001350016
11001350015
11001317016
11001317014
11001317013
11001317012
11001317011
11001317010
11001310020
11001310019
11001310018
11001310017
11001310016
11001310015
11001310014
11001309020
11001309019
11001309018
11001309017
11001309016
11001309015
11001309014
11001294026
11001294024
11001294020
11001294001
11001243020
11001235001
11001159018
11001159017
11001159016
11001155020
11001155019
11001155018
11001155016
11001155015
11001155014
11001155013
11001154020
11001154019
11001154018
11001154017
11001154016
11001154015
11001154014
11001151016
11001151015
11001151013
11001151012
11001151011
11001151010
11001151009
11001140020
11001140019
11001140018
11001140017
11001140016
11001140015
11001140014
11001159019
11001228018
11001228017
11001228016
11001228015
11001228014
11001227018
11001227017
11001226020
11001226019
11001226017
11001226016
11001226015
11001215020
11001215019
11001192016
11001192015
11001192014
11001192013
11001192012
11001192011
11001192010
11001186026
11001186024
11001186022
11001186001
11001166016
11001166014
11001166013
11001166012
11001166011
11001166009
11001362014
11001636016
11001636015
11001636013
11001636012
11001594018
11001594017
11001594016
11001594015
11001569020
11001569019
11001569018
11001569017
11001569016
11001569015
11001569014
11001506020
11001506019
11001506018
11001506017
11001506016
11001506014
11001490016
11001490015
11001490014
11001490012
11001490011
11001490010
11001489020
11001489019
11001489018
11001489017
11001679014
11001709013
11001709012
11001709011
11001709010
11001705013
11001705012
11001705011
11001705010
11001705009
11001705008
11001705007
11001704013
11001704012
11001704011
11001704010
11001704009
11001704008
11001704007
11001681020
11001681019
11001681018
11001681017
11001681016
11001681015
11001681014
11001679020
11001679019
11001679018
11001679017
11001679016
11001679015
11001489016
11001379019
11001379018
11001379017
11001379016
11001379015
11001379014
11001377019
11001377018
11001374020
11001374019
11001374018
11001374017
11001374016
11001374015
11001372020
11001372019
11001372018
11001372017
11001371020
11001371019
11001371018
11001370020
11001370019
11001370018
11001370017
11001370016
11001362018
11001362017
11001362016
11001362015
11001379020
11001489015
11001489014
11001473016
11001473015
11001473014
11001473013
11001473012
11001473011
11001473010
11001473009
11001441020
11001441019
11001441016
11001441014
11001435016
11001435015
11001435014
11001435013
11001435012
11001435011
11001435010
11001423018
11001423017
11001423016
11001423015
11001383026
11001383024
11001383022
11001383020
11001126020
10993073013
10993073012
10993073011
10993073010
10993073008
10992995016
10992995015
10992995014
10992995013
10992995012
10992995011
10992995010
10992995009
10992993026
10992993024
10992993022
10992993020
10992993003
10992993001
10992281001
10992280001
10992279001
10992278001
10992277001
10992276001
10992275004
10992275002
10992274001
10992272001
10992271001
10992270001
10993076003
11000781005
11000781004
11000781003
11000732026
11000732024
11000732022
11000732020
11000732003
11000732001
11000724006
11000724005
11000724004
11000724003
11000704020
11000704019
11000704018
11000704017
11000704016
11000704015
11000704014
10993082005
10993082004
10993082003
10993079005
10993079004
10993079003
10993077005
10993077004
10993077003
10993076005
10993076004
10992267001
10992001015
10992001014
10992001013
10992001012
10992001011
10992001010
10992000015
10992000014
10992000013
10992000011
10991998016
10991998014
10991998012
10991998010
10991995016
10991995014
10991995013
10991995012
10991995011
10991994016
10991994015
10991994014
10991994013
10991994012
10991994011
10991994010
10991993018
10991993017
10991993016
10991993015
10991990001
10992001016
10992266001
10992265001
10992263001
10992262001
10992261001
10992014005
10992014004
10992014003
10992014002
10992010004
10992010003
10992010002
10992007005
10992007004
10992007003
10992007002
10992006006
10992006005
10992006004
10992006003
10992004005
10992004004
10992004003
10992004002
10992002016
10992002015
10992002014
10992002013
10992002012
10992002011
10992002010
11000781006
11000987017
11000987016
11000987015
11000987014
11000986011
11000986010
11000963020
11000963019
11000963018
11000963017
11000963016
11000963015
11000963014
11000956016
11000956015
11000956014
11000956013
11000956011
11000956010
11000955020
11000955019
11000955018
11000955017
11000955016
11000955015
11000955014
11000954020
11000954019
11000954018
11000954017
11000954016
11000987018
11001009020
11001009019
11001009018
11001009017
11001009016
11001009015
11001009014
11001005020
11001005019
11001005018
11001005017
11001005016
11001005015
11001005014
11001004020
11001004019
11001004018
11001004017
11001004016
11001004015
11001004014
11000999017
11000995020
11000995019
11000995018
11000995017
11000995016
11000995015
11000995014
11000987020
11000987019
11000954015
11000856010
11000856009
11000856008
11000856007
11000856006
11000832020
11000832019
11000832018
11000832017
11000832016
11000832015
11000832014
11000830018
11000830017
11000830016
11000830015
11000830014
11000813020
11000813019
11000813018
11000813017
11000813016
11000813015
11000813014
11000802020
11000802019
11000802018
11000802017
11000802016
11000802015
11000802014
11000856011
11000953020
11000953019
11000953018
11000953017
11000953016
11000953015
11000953014
11000943020
11000943019
11000943017
11000943016
11000943015
11000926019
11000926017
11000926015
11000926014
11000863020
11000863019
11000863018
11000863017
11000863016
11000863015
11000863014
11000860020
11000860019
11000860018
11000860017
11000860016
11000860015
11000860014
11003444003
11003444004
11003444005
11003437006
11003437005
11003435007
11003435005
11003444006
11003483004
11003483006
11003502004
11003502005
11003502006
11003502007
11003503004
11003435004
11003433006
11003433005
11003433004
11003431004
11003430001
11003362006
11003362005
11003362004
11003362003
11003312006
11003312005
11003312004
11003290005
11003289004
11003503005
11003817005
11003778007
11003778005
11003731004
11003671005
11003671004
11003648005
11003648004
11003648003
11003648002
11003627006
11003627004
11003547005
11003547004
11003547003
11003547002
11003507007
11003507006
11003507005
11003507004
11003506006
11003506005
11003506004
11003505007
11003505006
11003505005
11003505004
11003504005
11003504004
11003503006
11003278006
11003006003
11002951001
11002943007
11002943005
11002943004
11002935006
11002935004
11002934006
11002934005
11002934004
11002851005
11002817006
11002817005
11002817004
11002777006
11002777005
11002777004
11002777003
11002776006
11002776005
11002776004
11002776003
11002749007
11002749006
11002749005
11002749004
11002748007
11002748006
11002748005
11002748004
11002741006
11003006004
11003278005
11003278004
11003274006
11003274005
11003274004
11003273006
11003273005
11003273004
11003193001
11003117005
11003117004
11003099006
11003099004
11003092005
11003090005
11003078006
11003078005
11003078004
11003078003
11003045005
11003045004
11003023005
11003023004
11003013005
11003013004
11003012006
11003012005
11003012004
11003012003
11003006006
11003006005
11003817006
11004819003
11004819002
11004819001
11004818004
11004818003
11004818002
11004818001
11004619004
11004619002
11004618001
11004617001
11004613001
11004612001
11004321017
11004154020
11004154019
11004154018
11004154017
11004154016
11004154015
11004133017
11004133016
11004133015
11004127020
11004127019
11004127018
11004127017
11004127016
11004127015
11004127014
11004819004
11005707009
11005707007
11005706025
11005706023
11005706021
11005706019
11005706005
11005706003
11005706001
11005705025
11005705023
11005705021
11005705019
11005705005
11005705003
11005705001
11005703013
11005703011
11005703010
11005703009
11005703007
11004973005
11004973004
11004972005
11004972004
11004925006
11004925005
11004925004
11004856001
11004850001
11004847001
11004113020
11004071018
11004065016
11004065015
11004065014
11004065013
11004065012
11004065011
11004065010
11004057015
11004057014
11004057013
11004057012
11004057011
11004057010
11004027006
11004027005
11004027004
11004027003
11004024006
11004024005
11004024004
11004024003
11004002007
11004002006
11004002005
11004002004
11003969006
11003969005
11003969004
11003969003
11003817007
11004076012
11004113019
11004113018
11004113017
11004113016
11004113015
11004097016
11004097015
11004097014
11004097013
11004097012
11004097011
11004097010
11004081022
11004081020
11004078020
11004078019
11004078017
11004078016
11004078015
11004078014
11004077020
11004077019
11004077018
11004077017
11004077016
11004077015
11004077014
11004076016
11004076015
11004076014
11004076013
11002741005
11002007019
11002007016
11002007015
11002007014
11001972012
11001972011
11001972010
11001972009
11001928019
11001928018
11001928017
11001928016
11001928015
11001927019
11001927018
11001927017
11001927015
11001922010
11001922009
11001922008
11001922006
11001902020
11001902019
11002029014
11002072019
11002072017
11002072016
11002070019
11002070018
11002070015
11002067016
11002067014
11002067013
11002067012
11002067011
11002067010
11002067009
11002055026
11002055024
11002055022
11002055020
11002055003
11002054026
11002054024
11002054022
11002054020
11002054003
11002054001
11002029020
11002029019
11002029018
11002029017
11002029016
11002029015
11001902018
11001833020
11001833019
11001833018
11001833017
11001833016
11001833015
11001833014
11001814016
11001814015
11001814014
11001814013
11001814012
11001814011
11001814010
11001780014
11001780010
11001778016
11001778015
11001778014
11001778013
11001778012
11001778011
11001778010
11001759020
11001759019
11001759018
11001759017
11001759016
11001759015
11001759014
11001856014
11001902017
11001902016
11001902015
11001902014
11001895015
11001895014
11001895013
11001895012
11001895011
11001895010
11001895009
11001893020
11001893019
11001893018
11001893017
11001893016
11001893015
11001893014
11001859016
11001859015
11001859014
11001859013
11001859012
11001859011
11001859010
11001856020
11001856019
11001856018
11001856017
11001856016
11001856015
11002082015
11002497005
11002474007
11002474006
11002474005
11002464007
11002464006
11002464004
11002442004
11002404006
11002404005
11002404004
11002386004
11002359006
11002359005
11002314006
11002288005
11002282006
11002282004
11002282003
11002237005
11002237004
11002206004
11002206003
11002206002
11002206001
11002197006
11002197005
11002197004
11002197003
11002497006
11002741004
11002693005
11002693004
11002693003
11002693002
11002573005
11002573004
11002571007
11002571006
11002571005
11002570007
11002570005
11002570004
11002569007
11002569006
11002569005
11002569004
11002568007
11002568006
11002568005
11002531005
11002531004
11002531003
11002531002
11002511006
11002511005
11002511004
11002499007
11002499006
11002499005
11002499004
11002193008
11002117009
11002117008
11002117007
11002116013
11002116012
11002116011
11002116010
11002116009
11002116008
11002116007
11002116006
11002101011
11002101010
11002101009
11002101008
11002101007
11002100009
11002100008
11002100006
11002097020
11002097019
11002097018
11002097017
11002097016
11002097015
11002097014
11002082020
11002082019
11002082018
11002082017
11002082016
11002117010
11002162003
11002161006
11002161004
11002161003
11002157006
11002157005
11002157004
11002157003
11002136020
11002136019
11002136018
11002136017
11002136016
11002136015
11002136014
11002135019
11002135018
11002135017
11002135016
11002135015
11002134019
11002129019
11002129018
11002129017
11002121022
11002117013
11002117012
11002117011
10958482012
10809326005
10809326004
10809391006
10809391007
10809326003
10809326002
10809318004
10809318002
10809318001
10809296008
10809296006
10809391008
10809413003
10809413002
10809412005
10809412004
10809412003
10809412002
10809411005
10809411004
10809411003
10809411002
10809410005
10809410004
10809405005
10809405004
10809405003
10809405002
10809404005
10809404004
10809404003
10809404002
10809401004
10809391011
10809391010
10809391009
10809208005
10809206001
10809272005
10809272004
10809272003
10809272002
10809225015
10809225014
10809225013
10809225012
10809413004
10809497001
10809495001
10809468001
10809464018
10809464016
10809464015
10809464014
10809464013
10809464012
10809464011
10809464010
10809554019
10809554018
10809554017
10809554016
10809554015
10809554013
10809552017
10809552016
10809552015
10809552014
10809552013
10809539014
10809415005
10809415004
10809415003
10809414003
10809414002
10809413005
10809463016
10809463015
10809463014
10809463013
10809463012
10809463011
10809463010
10809459016
10809454004
10809454003
10809454002
10809449004
10809448002
10809447002
10809444004
10809444003
10809444002
10809442004
10807335002
10807331002
10807009005
10807009004
10807008005
10807003005
10807003004
10807003003
10807003002
10807002005
10807002004
10807002003
10807002002
10807001004
10807001003
10807001002
10807000004
10807000003
10807000002
10806994003
10806994002
10806994001
10806993004
10806993003
10806993002
10806993001
10806987004
10806987003
10806987002
10806987001
10806978004
10807335003
10808591019
10808591017
10808591015
10808590021
10808590019
10808590017
10808584021
10808584019
10808584017
10808584015
10808580021
10808570015
10808569019
10808569017
10808566013
10807847001
10807419001
10807351004
10807351003
10807351002
10807351001
10807337001
10806978003
10806937006
10806937005
10806937004
10806937003
10806936006
10806936005
10806936004
10806936003
10806905006
10806905005
10806905003
10806900006
10806900005
10806900003
10806899006
10806899005
10806899003
10806873006
10806873005
10806873004
10806873003
10806823006
10806823005
10806823003
10806823002
10806817006
10806952005
10806978002
10806978001
10806971005
10806971003
10806970006
10806970005
10806970004
10806970003
10806969006
10806969005
10806969003
10806967003
10806967002
10806967001
10806966004
10806966003
10806966002
10806966001
10806958003
10806958002
10806958001
10806957003
10806957001
10806956004
10806956003
10806956001
10806953004
10806953003
10806953002
10806953001
10806952006
10809018016
10809018015
10809018014
10809018013
10809018012
10809018011
10809018010
10809014015
10808973005
10808973004
10808973003
10808973002
10808957005
10809105002
10809067018
10809067017
10809067016
10809067015
10809067014
10809067010
10809058020
10809058019
10809058018
10809058016
10809058015
10809058014
10809058013
10808870014
10808869019
10808869018
10808869017
10808869016
10808869015
10808848021
10808848020
10808848019
10808848018
10808847023
10808847018
10808847017
10808847015
10808834019
10808834017
10808834015
10808834013
10808788004
10808788003
10808870015
10808913005
10808913002
10808912005
10808912003
10808886005
10808886004
10808886003
10808886002
10808882005
10808882004
10808882003
10808882002
10808881005
10808881004
10808881003
10808881002
10808876016
10808876015
10808876014
10808876013
10808876012
10808876011
10808876010
10808870018
10808870017
10808870016
10810595004
10810595006
10810596003
10810595003
10810593003
10810592003
10810546019
10810596004
10810596005
10810597003
10810597004
10810597005
10810866002
10810866003
10810546017
10810546015
10810545021
10810545019
10810545017
10810545015
10810544021
10810544019
10810544017
10810544015
10810274004
10810274003
10810274002
10810273005
10810866004
10811088003
10811088001
10811083021
10811083019
10811083017
10811082021
10811082019
10811082017
10811082015
10811079021
10811079019
10811079017
10811079015
10811073025
10811073023
10811073010
10811073009
10811073007
10811073003
10811073001
10811071017
10811071015
10810868005
10810868004
10810868003
10810868002
10810867005
10810867004
10810867003
10810867002
10810866005
10810273004
10810198002
10810196005
10810196004
10810196003
10810196002
10810195005
10810195004
10810195003
10810195002
10810194005
10810194004
10810194003
10810194002
10810175004
10810169018
10810120002
10810114003
10810198003
10810273003
10810273002
10810272005
10810272004
10810272003
10810272002
10810254023
10810254019
10810251015
10810199005
10810199004
10810199003
10810199002
10810198005
10810198004
10811088005
10813740011
10813740010
10813740009
10813740008
10813740007
10813740006
10813739011
10813739010
10813739009
10813739008
10813739007
10813739006
10813180001
10813179001
10813177001
10812852003
10812851003
10812850003
10812849003
10812778005
10812778004
10813956015
10820787003
10820787002
10820247004
10820247003
10820247002
10820242005
10820242004
10819985001
10817399005
10817399003
10817399002
10814764015
10814764014
10814764013
10814764012
10814232019
10814232017
10814232015
10814232013
10814232011
10813956016
10812778003
10811636001
10811635003
10811635002
10811635001
10811473002
10811468006
10811468005
10811468004
10811467006
10811467005
10811467004
10811467003
10811466005
10811466004
10811466003
10811097025
10811097023
10811097010
10811097009
10811097005
10811092021
10811092019
10811092017
10811092015
10811092013
10811088025
10811088023
10811088011
10811088010
10811088009
10811088007
10811692003
10812778002
10812776005
10812776004
10812776003
10812603004
10812603003
10812603002
10812603001
10812562005
10812562004
10812562003
10812562002
10812034024
10812034023
10812034006
10812034003
10812033023
10812033006
10812033003
10812033002
10812030020
10812030018
10812030017
10812030016
10812030015
10812030014
10811798021
10811797023
10809788005
10809788004
10809788003
10809788002
10809784004
10809784003
10809781005
10809776004
10809762002
10809761005
10809759005
10809758005
10809756005
10809748003
10809748002
10809804005
10809804002
10809801004
10809801003
10809801002
10809800004
10809800003
10809795005
10809794005
10809794004
10809794003
10809794002
10809790004
10809587018
10809587016
10809587015
10809587014
10809587013
10809586023
10809586021
10809586018
10809586014
10809590013
10809738023
10809735002
10809733005
10809716004
10809716003
10809716002
10809715004
10809715003
10809715002
10809715001
10809656005
10809656004
10809656003
10809598021
10809598020
10809598017
10809598016
10809598015
10809590019
10809590018
10809590017
10809590016
10809590015
10809590014
10810046004
10810046003
10810046002
10810046001
10810039004
10810039002
10810038004
10810038003
10810038002
10810036005
10810036004
10810036003
10810036002
10810035004
10810035003
10810035002
10810027005
10810027004
10810027003
10810027002
10810025003
10810025002
10810024005
10810024004
10810024003
10810024002
10810016016
10810106004
10810106003
10810106002
10810101003
10810101002
10810100002
10810088005
10810088004
10810087004
10810087003
10810070004
10810070003
10810070002
10810070001
10810069002
10810069001
10810068004
10810068003
10810068002
10810068001
10810066004
10810066003
10810066002
10810066001
10810064004
10810064003
10810064002
10810064001
10809881005
10809881004
10809881003
10809880005
10809880004
10809880002
10809861005
10809861002
10809852005
10809849005
10809849002
10809836005
10809836003
10809836002
10809835002
10809821005
10809821002
10809817005
10809817002
10809995005
10809995002
10809965005
10809965002
10809964004
10809964003
10809964002
10809945005
10809945004
10809945003
10809945002
10809943006
10809943002
10806817005
10802582016
10802582017
10802585014
10802582015
10802582014
10802582013
10802582012
10802585015
10802585016
10802715019
10802715020
10802721001
10802721003
10802721021
10802578016
10802578014
10802578013
10802578012
10802578011
10802578010
10802577018
10802577017
10802577016
10802577015
10802577014
10802577013
10802577012
10802577011
10802577010
10802721023
10802913002
10802912005
10802912004
10802912003
10802912002
10802869005
10802869004
10802869003
10802869002
10802868004
10802861013
10802721025
10802568021
10802422001
10802368005
10802368004
10802368003
10802368002
10802359004
10802359003
10802359002
10802359001
10802354004
10802354003
10802354002
10802330004
10802330003
10802330002
10802260005
10802260003
10802259005
10802259004
10802259003
10802259002
10802209004
10802209003
10802209002
10802200004
10802200003
10802200002
10802197004
10802197003
10802197002
10802156004
10802422002
10802568020
10802568019
10802568018
10802568017
10802568016
10802568014
10802516019
10802516018
10802516017
10802515014
10802515013
10802515012
10802515011
10802515010
10802476004
10802476003
10802476002
10802476001
10802465003
10802465002
10802464003
10802464002
10802437004
10802437003
10802437002
10802422004
10802913003
10803217003
10803194011
10803194010
10803194008
10803157018
10803157017
10803157016
10803227002
10803227005
10803227004
10803227003
10802999019
10802999018
10802999017
10802999016
10802999015
10802999014
10802999013
10802991013
10802980014
10802976005
10802960014
10802954005
10802954004
10802954003
10802954002
10802946004
10802946003
10802913005
10802913004
10803157013
10803121004
10803120005
10803120004
10803120003
10803120002
10803101002
10802156003
10795671026
10795671025
10795671024
10795671023
10795671022
10795671021
10795671001
10795528008
10795528007
10795528006
10795528005
10795528004
10795528003
10795528002
10795475007
10795475005
10795475003
10795475002
10795246008
10795246007
10795246006
10795246005
10795246004
10795246003
10795246002
10795025009
10795025008
10795025006
10795025005
10795025004
10795025003
10795727001
10796825001
10796811001
10796808001
10796602002
10796514002
10796504002
10796500002
10796290006
10796290005
10796290004
10796052004
10796052002
10796052001
10796047004
10796047001
10795844005
10795844004
10795844003
10795844002
10795811002
10795811001
10795809001
10795763001
10795748004
10795748003
10795748002
10795727004
10795727003
10795727002
10794764013
10790018001
10789937001
10789792002
10789757005
10789741003
10789741002
10789719002
10789617020
10789617019
10789617018
10789617017
10789617016
10789617015
10789617014
10789616020
10789616019
10789616018
10789616017
10789616016
10789616015
10789616014
10789615016
10789615015
10789615014
10789615013
10789615011
10789615010
10789611020
10789611019
10790681003
10794764012
10794764011
10794764009
10794764007
10794764005
10794764004
10794690003
10794636001
10794614001
10791524002
10791347004
10791347003
10791347002
10791344004
10791344003
10791343004
10791343003
10791343002
10791343001
10791309003
10790942003
10790942002
10790878003
10790683006
10790683005
10790683004
10790683003
10790681006
10790681005
10790681004
10796830001
10801845001
10801835004
10801835003
10801835002
10801835001
10801818001
10801765004
10801765003
10801663005
10801663004
10801663003
10801663002
10801658001
10801652001
10801625004
10801625003
10801596005
10801596004
10801596003
10801596002
10801551004
10801551002
10801550002
10801523004
10801513004
10801384006
10801384005
10801384003
10801018006
10801847001
10802156002
10802147004
10802147003
10802147002
10802120005
10802120004
10802120003
10802120002
10802074004
10802074003
10802074002
10802073003
10802073002
10802056004
10802056003
10802056002
10802056001
10802037004
10802037003
10802037002
10801933004
10801933003
10801933002
10801933001
10801883005
10801883004
10801883003
10801883002
10801881001
10801860001
10801018005
10799458005
10799458004
10799458003
10799403008
10799396015
10799396014
10799396013
10799396012
10799396011
10799396010
10799393019
10799393017
10799393016
10799393015
10798164001
10798034001
10797569001
10797134006
10797134005
10797134004
10797134003
10797134002
10797130001
10797018003
10797013006
10797009004
10796991003
10796985006
10796985005
10796985004
10796985003
10799458006
10801018004
10801018003
10801017006
10801017005
10801017004
10801017003
10800734003
10800348005
10800348003
10800192001
10799879003
10799879002
10799879001
10799877002
10799877001
10799873004
10799873003
10799873002
10799873001
10799871005
10799871004
10799864005
10799864004
10799848005
10799848004
10799848003
10799848002
10799836001
10804311001
10804311002
10804311003
10804311004
10804312001
10804312002
10804313001
10804288005
10804288002
10804287003
10804287002
10804222005
10804222004
10804313002
10804331005
10804331003
10804329005
10804329004
10804329002
10804314004
10804314003
10804314002
10804314001
10804313004
10804313003
10804222003
10804076019
10804076018
10804060003
10803989001
10804222002
10804221004
10804221003
10804218004
10804218002
10804205005
10805225001
10805218001
10805217001
10805215001
10804861006
10804861005
10804861003
10804860003
10804859005
10804859003
10804859002
10804855003
10804854002
10804833006
10804833005
10804833004
10804833003
10804832006
10804815005
10804815002
10804814002
10804813002
10804795003
10804795002
10804792003
10804789002
10804788002
10804775002
10804759002
10804734015
10804713011
10805227001
10806817004
10806817003
10806815005
10806815004
10806814005
10806812006
10806812005
10806812004
10806812003
10806803005
10806803004
10806803003
10806803002
10806802005
10806802004
10806802002
10806801006
10806785006
10806785005
10806785004
10806785003
10806785002
10806266001
10806255001
10805254001
10805236001
10805235001
10805234001
10804646007
10804434003
10804434002
10804433004
10804433003
10804433002
10804431004
10804431003
10804431002
10804430004
10804430003
10804430002
10804407004
10804407003
10804407002
10804406002
10804405005
10804405004
10804405003
10804405002
10804434004
10804646006
10804466013
10804462011
10804462010
10804462008
10804462007
10804462006
10804436004
10804436003
10804436002
10804435002
10804434005
10803967004
10803491002
10803454005
10803454004
10803454003
10803454002
10803451003
10803620005
10803620002
10803613005
10803610002
10803609004
10803609002
10803608005
10803608004
10803524017
10803323001
10803421017
10803421016
10803421014
10803830001
10803967003
10803967002
10803892005
10803886005
10803886004
10803886003
10803886002
10803692002
10803687005
10803685002
10803684002
10803676005
10803676004
10803692005
10803771001
10803748004
10803748003
10803699005
10803699003
10803699002
10820787004
10858800003
10858809001
10858810001
10858774023
10858774021
10858774020
10858774019
10858822013
10858822016
10858774018
10858774017
10858774016
10858774015
10858774014
10858772011
10858772010
10858772009
10858772008
10858772007
10858771011
10858771010
10858771009
10858771008
10858771007
10858771006
10858832002
10858953015
10858933003
10858921016
10858921015
10858921014
10858921013
10858921012
10858921010
10858869001
10858832003
10853989005
10853568017
10853568016
10853568013
10853566015
10853566013
10853566011
10853529011
10853529010
10853529009
10853529008
10853529007
10853529006
10853525011
10853525010
10853525009
10853525008
10853525007
10853525006
10853524014
10853524013
10853524012
10853520019
10853520018
10853520017
10853518015
10853518013
10853607011
10853988005
10853987004
10853712005
10853712004
10853712003
10853712002
10853711005
10853711003
10853711002
10853710003
10853709003
10853707004
10853707003
10853707002
10853706006
10853677005
10853677004
10853677003
10853677002
10853608018
10853608016
10853608015
10853608014
10853608013
10853608012
10853608011
10853607015
10853607014
10853607013
10853607012
10859363004
10859363003
10859360005
10859356005
10859356003
10859335011
10859335010
10859335009
10859335008
10859335007
10859333005
10859333004
10859333003
10859333002
10859333001
10859329024
10859329022
10859329020
10859329001
10859524004
10859524003
10859515004
10859515003
10859515002
10859512011
10859511008
10859507003
10859507002
10859502003
10859502002
10859484002
10859444005
10859435005
10859382005
10859382002
10859376005
10859371005
10859371004
10859371002
10859364005
10859364004
10859095004
10859080018
10859068019
10859068018
10859068017
10859068016
10859068014
10859033007
10859020011
10859020008
10859020007
10859008011
10859008010
10859008008
10859008007
10859008006
10858982007
10859124013
10859285008
10859246013
10859232015
10859231015
10859223017
10859223016
10859223013
10859181005
10859181004
10859181003
10859179005
10859179004
10859179003
10859179002
10859124016
10859124015
10853518012
10852902004
10852902003
10852902002
10852883002
10852854005
10852854004
10852854003
10852854002
10852850004
10852850003
10852850002
10852850001
10852847004
10852847003
10852847002
10852847001
10852832002
10852832001
10852817001
10852812001
10852808001
10853130005
10853130004
10853130003
10853130002
10853084004
10853084003
10853084002
10853079002
10853060005
10853060004
10853060003
10853060002
10853021004
10853021003
10853021002
10853021001
10852988004
10852988002
10852988001
10852987004
10852987003
10852987002
10852987001
10852985003
10852985002
10852910004
10852910002
10852807001
10852610003
10852610002
10852610001
10852536004
10852536002
10852536001
10852534004
10852534003
10852534002
10852534001
10852532004
10852519001
10852503004
10852503001
10852466004
10852466003
10852466002
10852466001
10852436005
10852436004
10852436003
10852610004
10852805001
10852798004
10852798003
10852795004
10852795003
10852793004
10852793003
10852775004
10852775003
10852775002
10852774004
10852774003
10852669004
10852669001
10852628005
10852628004
10852628003
10853377014
10853377013
10853377012
10853377011
10853375016
10853375015
10853375014
10853375013
10853375012
10853375011
10853375010
10853373018
10853373017
10853373015
10853373014
10853373013
10853373012
10853373011
10853373010
10853372016
10853372014
10853372012
10853372010
10853371018
10853371017
10853371016
10853371015
10853371014
10853371013
10853371012
10853371010
10853377015
10853452019
10853411016
10853411015
10853411014
10853411013
10853411012
10853411011
10853411010
10853410016
10853410014
10853410013
10853410012
10853406017
10853406015
10853401010
10853401009
10853401008
10853401007
10853398025
10853398023
10853398021
10853398003
10853395025
10853395023
10853395021
10853395001
10853379017
10853379016
10853379013
10853379012
10853377016
10853370016
10853335014
10853335012
10853323020
10853323019
10853323018
10853323017
10853323016
10853323015
10853322020
10853322019
10853322018
10853322017
10853322016
10853322015
10853322014
10853308004
10853308002
10853308001
10853259004
10853259003
10853259002
10853208004
10853208003
10853208002
10853184003
10853184002
10853184001
10853173003
10853173002
10853135005
10853135002
10853335017
10853370015
10853370012
10853367019
10853367018
10853367017
10853367016
10853365019
10853365016
10853365014
10853362020
10853362019
10853362016
10853359019
10853359018
10853359017
10853338020
10853338019
10853338018
10853338016
10853336017
10853336016
10853336015
10853336014
10853336013
10853336012
10853336011
10853336010
10853335018
10864513005
10864513004
10864548014
10864548015
10864548016
10864548017
10864548018
10864548019
10864548020
10864513003
10864513002
10864512001
10864486001
10864452005
10864452004
10864452003
10864548021
10864609021
10864609020
10864609019
10864609018
10864570018
10864563018
10864548023
10864452002
10863956005
10863956004
10863956003
10863955007
10863955006
10863955005
10863955004
10863955003
10863922002
10863920003
10863884005
10863884002
10863870005
10863870004
10863870003
10863862004
10863860006
10863860005
10863860004
10863860003
10863956006
10864451004
10864451003
10864451002
10864451001
10864426019
10864426018
10864426017
10864426016
10864426013
10864417018
10864417017
10864417016
10864042004
10863969007
10863969006
10863969005
10863964007
10863964004
10863964003
10863962006
10863961006
10863961005
10863958006
10863958005
10863958004
10863958003
10863956007
10864770023
10864770020
10864768019
10864768018
10864768017
10864768016
10864768015
10864768014
10864768013
10864745015
10864812010
10864811016
10864811015
10864811014
10864811013
10864811012
10864811011
10864811010
10864811009
10864622023
10864622021
10864622020
10864622019
10864622018
10864622017
10864622015
10864622014
10864727023
10864727021
10864727020
10864727019
10864727018
10864727017
10864727016
10864727014
10864636015
10863860002
10862999014
10862968020
10862968018
10862968017
10862968016
10862953014
10862893021
10862893018
10862893017
10862893016
10862893015
10862893014
10862867021
10862867019
10862867018
10862867017
10862867016
10862867015
10862867014
10862791025
10862791024
10862791023
10862791021
10862791005
10862791003
10862791001
10862789013
10862789011
10862789009
10862789008
10862999015
10863030017
10863030016
10863021020
10863021019
10863021018
10863021017
10863021016
10863021015
10863018020
10863018018
10863018017
10863018016
10863015015
10863002020
10863002019
10863002018
10863002017
10863002016
10863002015
10863002014
10863001020
10863001019
10863001018
10863001017
10863001015
10863001014
10862999020
10862999019
10862999018
10862999017
10862999016
10860293001
10860251005
10860251004
10860251003
10860251002
10860251001
10860091004
10860091002
10860034019
10860034018
10860034017
10860034016
10859741005
10859741003
10859706005
10859706004
10859706003
10859706002
10859673019
10859673018
10859673016
10859573013
10859561005
10859561004
10859561003
10859561002
10859526015
10859526013
10860293002
10861669001
10861668001
10861660001
10861622009
10861080003
10861080001
10861079001
10861078004
10861074004
10861073005
10861069005
10861066005
10860903011
10860903009
10860903007
10860357004
10860293003
10863030019
10863467003
10863408006
10863408005
10863408004
10863408003
10863407006
10863407003
10863406006
10863406005
10863406004
10863405006
10863405005
10863405004
10863297006
10863297005
10863297004
10863297003
10863280005
10863280004
10863244003
10863239005
10863239004
10863239003
10863237006
10863237004
10863237003
10863236006
10863236005
10863236004
10863236003
10863219004
10863467004
10863858006
10863858005
10863858004
10863858003
10863858002
10863857005
10863857004
10863857003
10863857002
10863856003
10863856002
10863842003
10863842002
10863840005
10863840004
10863840003
10863840002
10863604005
10863604004
10863604003
10863594004
10863511006
10863511004
10863511003
10863510006
10863510003
10863472006
10863472004
10863472003
10863467005
10863219003
10863050012
10863045020
10863045019
10863045018
10863045017
10863045016
10863045015
10863045014
10863038020
10863038019
10863038018
10863038017
10863038016
10863038015
10863036020
10863036019
10863036018
10863036017
10863036016
10863036015
10863035020
10863035019
10863035018
10863035017
10863035016
10863035015
10863032018
10863032017
10863032016
10863032015
10863030020
10863050015
10863217002
10863214003
10863201004
10863201003
10863201002
10863199003
10863199002
10863180006
10863180003
10863177002
10863175005
10863175004
10863175003
10863175002
10863128013
10863128011
10863128009
10863128008
10863126013
10863126011
10863126009
10863126008
10863091016
10863091015
10863091014
10863091013
10863091012
10863091011
10863090016
10863090014
10863050016
10852430003
10841453003
10841453004
10841453005
10841448001
10841440004
10841440003
10841440002
10841454003
10841467003
10841467004
10841478003
10841478004
10841484004
10841484005
10841488003
10841439002
10841439001
10841406003
10841403005
10841403004
10841403003
10841403002
10841399001
10841397005
10841397004
10841397002
10841337005
10841337004
10841337003
10841330001
10841282005
10841491001
10841625004
10841625003
10841625002
10841625001
10841623003
10841595004
10841595003
10841573006
10841568005
10841568004
10841568003
10841568002
10841566005
10841566004
10841566003
10841550006
10841550004
10841550003
10841549006
10841549005
10841549003
10841546006
10841546005
10841546004
10841546003
10841493002
10841493001
10841492002
10841492001
10841282004
10841119006
10841119005
10841119004
10841119003
10841115005
10841108005
10841108004
10841108003
10841108002
10841097005
10841097004
10841097003
10841092005
10841089006
10841089005
10841088005
10841088004
10841088003
10841017003
10840969006
10840969005
10840969004
10840969003
10840968005
10840968004
10840968003
10840967006
10840967005
10840967004
10840967003
10840960004
10841123002
10841282003
10841279004
10841279003
10841275002
10841275001
10841270004
10841270003
10841270002
10841270001
10841268001
10841254003
10841243003
10841236003
10841184006
10841184005
10841184004
10841184003
10841175005
10841175004
10841175003
10841165005
10841165004
10841165003
10841147005
10841147004
10841147003
10841145005
10841145004
10841145003
10841123004
10841123003
10841626002
10842815014
10842760021
10842529018
10842529016
10842529014
10842515004
10842378005
10842378004
10842376005
10842375005
10842375004
10842374005
10842222002
10841954019
10841954018
10841954017
10841954016
10841832011
10841832010
10841832009
10841828016
10841828015
10841828014
10841828013
10841828012
10841828009
10841827016
10841827015
10841827014
10841827013
10841827011
10842815015
10843004011
10843002015
10843002014
10843002013
10843002012
10843002011
10843000016
10843000015
10843000014
10843000013
10843000010
10842993013
10842993011
10842993009
10842993007
10842932020
10842932019
10842932018
10842932017
10842932016
10842932015
10842932014
10842915021
10842915020
10842915019
10842915018
10842915017
10842915016
10842915015
10842915014
10841827010
10841708005
10841708003
10841706005
10841706004
10841697006
10841697005
10841697004
10841697003
10841696004
10841696003
10841691006
10841691005
10841691004
10841684001
10841683002
10841678004
10841678003
10841678002
10841676005
10841676004
10841676003
10841676002
10841673005
10841673004
10841673003
10841673002
10841672004
10841672003
10841672002
10841711003
10841790016
10841773012
10841762005
10841762004
10841762003
10841762002
10841758005
10841758004
10841758003
10841737004
10841730005
10841730004
10841730003
10841729006
10841729005
10841729004
10841727006
10841727005
10841727004
10841727003
10841726005
10841726004
10841726003
10841725005
10841725004
10841725003
10841723006
10841723005
10841723003
10841721005
10841721004
10840958006
10838885012
10838885011
10838885010
10838885009
10838881019
10838881018
10838880019
10838880018
10838880016
10838757019
10838757016
10838687020
10838687019
10838687018
10838687017
10838687014
10838542019
10838542014
10838382002
10838254006
10838254005
10838254003
10838202005
10838202004
10838202003
10838200003
10838190004
10838885013
10839682004
10839635005
10839635003
10839632005
10839632004
10839632003
10839627002
10839625004
10839625002
10839306016
10839306015
10839306014
10839306013
10839306012
10839306011
10839306010
10839153011
10838924019
10838924017
10838924015
10838922001
10838920016
10838920015
10838920013
10838920012
10838920011
10838920010
10838920009
10838885016
10838885015
10838885014
10838190003
10826606001
10826424005
10826424004
10826423005
10826253005
10826253004
10825942005
10825942004
10825942003
10825942002
10821043003
10821043002
10821043001
10820977002
10820977001
10820873001
10820846004
10820846003
10820846002
10820810004
10820810003
10820810002
10820810001
10820798004
10826606002
10838166003
10838145005
10838145004
10838145003
10838145002
10838140006
10838140005
10838140004
10838140003
10838083003
10837874024
10837462002
10837437007
10837431020
10837431019
10837431018
10837431017
10837431016
10837431015
10837431014
10837037020
10837037019
10837037018
10837037017
10837037015
10826926006
10826925006
10826611004
10826611003
10826611002
10839682005
10840808004
10840808003
10840808002
10840808001
10840786004
10840783005
10840783003
10840696001
10840676002
10840676001
10840674002
10840576005
10840576004
10840576003
10840496005
10840496004
10840496003
10840496002
10840489004
10840489003
10840458001
10840380003
10840355003
10840313004
10840309004
10840309002
10840282005
10840282004
10840282003
10840280003
10840278004
10840809001
10840958005
10840958004
10840956006
10840956005
10840956004
10840956003
10840954003
10840931003
10840929004
10840929003
10840928005
10840928004
10840928003
10840913001
10840912001
10840907001
10840898001
10840871004
10840871002
10840836006
10840836005
10840836004
10840820004
10840820001
10840815002
10840815001
10840811003
10840811002
10840811001
10840809002
10840278003
10839892004
10839892003
10839892002
10839891005
10839891004
10839891003
10839891002
10839890005
10839890004
10839890003
10839890002
10839883002
10839841006
10839792001
10839756003
10839755003
10839754005
10839754003
10839715005
10839710013
10839710002
10839694005
10839694004
10839694003
10839692005
10839692004
10839692003
10839691003
10839684005
10839684004
10839684003
10839892005
10840274005
10840274004
10840274003
10840234005
10840234004
10840234002
10840191004
10840191003
10840191002
10840190005
10840190004
10840153001
10840123005
10840022013
10840022002
10840004003
10839949006
10839949005
10839949004
10839949003
10839944006
10839944005
10839944004
10839944003
10839943006
10839943003
10839938006
10839938005
10839938004
10839938003
10846006004
10846006005
10846006006
10846006003
10846004006
10846004005
10846004003
10846007003
10846007004
10846007005
10846007006
10846008003
10846008006
10846009003
10846009004
10846000002
10845997006
10845997005
10845997004
10845997003
10845995005
10845995004
10845995003
10845995002
10845994005
10845994004
10845994003
10845994002
10845993004
10845993003
10845993002
10846009005
10846282025
10846282023
10846282011
10846282005
10846281023
10846281011
10846281009
10846281001
10846268015
10846267017
10846267015
10846267013
10846266019
10846266017
10846266015
10846266013
10846265015
10846264019
10846264017
10846264015
10846264013
10846203001
10846016006
10846016005
10846016003
10846014005
10846014003
10846010005
10846010004
10846010003
10846009006
10845984020
10845352003
10845349006
10845349005
10845349004
10845349003
10845348006
10845348005
10845348004
10845348003
10845347006
10845347005
10845347004
10845347003
10845346006
10845346005
10845346004
10845346003
10845345006
10845345005
10845345004
10845345003
10845344006
10845344005
10845344004
10845344003
10845342001
10845337001
10845334001
10845323004
10845453001
10845984019
10845984018
10845984017
10845984016
10845984015
10845984014
10845965015
10845964005
10845964004
10845964003
10845964002
10845960006
10845960003
10845956006
10845953006
10845953005
10845952006
10845952004
10845952003
10845950002
10845474019
10845464005
10845464004
10845464003
10845464002
10845453004
10845453002
10852309004
10852309003
10852309002
10852309001
10852306004
10852306003
10852306002
10852305004
10852305003
10852305002
10852305001
10852304004
10852304002
10852304001
10852303004
10852303003
10852303002
10852303001
10852283004
10852283002
10852283001
10847338005
10847337005
10847335006
10847335003
10847333002
10847324007
10852317002
10852427005
10852427004
10852427003
10852427002
10852422005
10852422004
10852422003
10852395003
10852395002
10852394003
10852394002
10852393005
10852393004
10852393003
10852393002
10852392005
10852392004
10852392002
10852390005
10852390004
10852390002
10852386003
10852384001
10852382001
10852317005
10852317004
10852317003
10847323007
10847009005
10846963004
10846963003
10846963002
10846963001
10846932002
10846882005
10846882004
10846882003
10846882002
10846880004
10847058001
10847321007
10847297004
10847297003
10847297002
10847296005
10847296004
10847296003
10847239005
10847239003
10847223005
10847223004
10847192005
10847192004
10847192003
10847192002
10847176003
10847128005
10847128004
10847128003
10847128002
10847105002
10847100005
10847100004
10847100003
10847058004
10847058003
10847058002
10845323003
10844305019
10844305018
10844305017
10844305016
10844305015
10844305014
10844305013
10844241004
10844239003
10844100011
10844100008
10843902006
10843899006
10843899005
10843898004
10843898003
10843897006
10843897005
10843897004
10843897003
10843886003
10843886002
10843885002
10843617006
10843617004
10843617003
10843616003
10843554005
10843554003
10844305020
10844404023
10844404021
10844404020
10844404019
10844393016
10844393015
10844393014
10844393013
10844393012
10844393010
10844305023
10844305021
10843554002
10843193019
10843193018
10843193017
10843193016
10843192021
10843192020
10843192018
10843192017
10843192016
10843154015
10843154014
10843154013
10843152015
10843108016
10843108015
10843108014
10843108013
10843108012
10843108011
10843106016
10843106015
10843106014
10843106013
10843106012
10843106011
10843106010
10843004016
10843004015
10843004014
10843004013
10843004012
10843193020
10843472006
10843472004
10843472003
10843472002
10843459005
10843459004
10843459003
10843454006
10843454005
10843448005
10843448003
10843447005
10843447004
10843447003
10843447002
10843437002
10843361003
10843315002
10843237020
10843237019
10843237018
10843237017
10843237016
10843237015
10843237014
10843237011
10843237010
10843237009
10843237008
10843237007
10843193021
10844815016
10844815015
10844815014
10844815013
10844815012
10844815011
10844812016
10844812015
10844812014
10844812013
10844812012
10844780019
10844780018
10844780017
10844780016
10844780015
10844780014
10844780013
10845321003
10845319014
10844923019
10844923018
10844923017
10844923016
10844919017
10844919016
10844919015
10844919013
10844874018
10844874017
10844855023
10844855020
10844855017
10844855013
10844662023
10844618017
10844618016
10844618015
10844618014
10844618013
10844609017
10844609016
10844609015
10844609013
10844607023
10844607021
10844607020
10844607019
10844607018
10844607017
10844737005
10844737004
10844737003
10844737002
10844691019
10844691018
10844691017
10844691016
10844691015
10844691014
10844691013
10844663023
10789611018
10697683012
10697745001
10699246001
10697626005
10699393007
10699393008
10699393009
10699461001
10699489001
10699489002
10699489003
10699489004
10697012016
10697012015
10697012014
10697012013
10697012012
10697012011
10697012010
10696989016
10696989015
10696989014
10696989013
10696989012
10696989011
10696989010
10696983023
10699501001
10699788002
10699788001
10699669003
10699669001
10699652003
10699652002
10699652001
10699644003
10699644002
10699644001
10699546004
10699546003
10699546002
10699545004
10699545003
10699545002
10699545001
10699538002
10699538001
10699536004
10699536003
10699536002
10699536001
10699514004
10699514003
10699514002
10699501004
10699501003
10699501002
10696856001
10696854011
10696854010
10696854009
10696854007
10696854006
10696770004
10696770003
10696770002
10696770001
10696750004
10696750003
10696750001
10696714017
10696714015
10696714013
10696714011
10696856023
10696983018
10696856025
10699789001
10709909007
10709909006
10709848005
10709848004
10709848003
10709848002
10709800017
10709800015
10709800013
10709798017
10709798015
10709909008
10710132015
10710128016
10710128015
10710128014
10710128013
10710128012
10710022001
10709910013
10709909011
10709909010
10709909009
10709798013
10706080003
10705934005
10705934004
10700624012
10700624011
10700624010
10700624009
10700624008
10700624007
10700620020
10700620019
10700620018
10700620017
10700620016
10700620015
10700620014
10700166001
10699989008
10699989007
10699989006
10699989005
10699983008
10699983007
10699983006
10699983005
10699983004
10699983002
10699791003
10699791002
10699791001
10699789002
10706080004
10709798011
10709798009
10709790001
10709786001
10708464005
10708464004
10708464003
10708456004
10708456003
10708456002
10708399001
10706856004
10706527005
10706527004
10706527003
10706475003
10706110005
10706110004
10706110003
10706109006
10706109005
10706109004
10706109003
10706103006
10706103005
10706103004
10706103003
10706081003
10706080006
10706080005
10696714009
10689051001
10684691006
10684691005
10682897004
10682361003
10682361002
10682357001
10682353003
10682353002
10682353001
10682350003
10682350002
10682343005
10682288004
10682288003
10682288002
10682284003
10682284002
10682284001
10682279004
10682279003
10682279002
10682279001
10682100002
10682100001
10682063004
10689055001
10692578001
10692563002
10692420004
10692420003
10692420002
10692420001
10692391003
10692391002
10692385005
10692385004
10692385003
10692385002
10690085004
10690085003
10690085002
10690085001
10689108001
10689058003
10689058002
10689058001
10689056001
10682063003
10678973001
10678972001
10678961001
10678960001
10678933001
10678686004
10678686003
10678686002
10678685004
10678685003
10678685002
10678684004
10678684003
10678684002
10677925011
10677925010
10678974001
10682063002
10682063001
10681956005
10681956004
10681956003
10681956002
10681955005
10681955004
10681955003
10681955002
10680823006
10680823005
10680823004
10680692006
10680692005
10680692004
10679711001
10679008001
10679003001
10679002001
10678989001
10678987001
10678985001
10678984001
10678983001
10678982001
10678981001
10678980001
10678977001
10678976001
10692578002
10696547004
10696547003
10696547001
10696546004
10696546003
10696546002
10696546001
10696346023
10696346021
10696346019
10696346018
10696346016
10696307017
10696307015
10696307013
10696307011
10696307009
10696304021
10696713011
10696649019
10696649018
10696649017
10696649016
10696649015
10696649013
10696612023
10696612021
10696612020
10696612019
10696612018
10696612017
10696612016
10696612014
10696612013
10696611021
10696611020
10696611019
10696611018
10696611017
10696611016
10696611015
10696611014
10693902002
10693901005
10693901004
10693901003
10693901002
10693687017
10693687009
10693686017
10693686015
10693686013
10693686011
10693686009
10693683025
10693683023
10693683003
10693683001
10692614004
10692614003
10692614002
10692614001
10692578004
10692578003
10693902003
10696304017
10696304015
10696304013
10696201005
10696201004
10696201003
10696201002
10696145004
10696145002
10695989001
10695986001
10695890021
10695890020
10695890019
10695890018
10695890017
10695890016
10695890015
10694285005
10693902005
10693902004
10716806003
10716797005
10716792005
10716792004
10716792003
10716781005
10716781004
10716781003
10716780005
10716780004
10716780003
10716780002
10717109001
10717097005
10717097004
10717097003
10717097002
10716987001
10716986001
10716889002
10716888002
10716645017
10716645015
10716645014
10716560018
10716560016
10716560015
10716560014
10716560013
10716560012
10716645018
10716689020
10716689019
10716689018
10716689017
10716689016
10716689015
10716689014
10716689013
10716646023
10716646021
10716646020
10716646019
10716646018
10716646017
10716646016
10716646015
10716646014
10716645023
10716645020
10716645019
10718969003
10718969002
10718969001
10718931007
10718931006
10718931005
10717609019
10717609018
10717609017
10717609016
10717609015
10717609014
10717609013
10718969004
10720230007
10720230006
10720230005
10720230004
10720031020
10720031019
10720031018
10720031017
10720031016
10719569001
10719568001
10719552002
10719549011
10719549009
10719549003
10719549001
10719072004
10719072003
10719072002
10719072001
10719070004
10719070002
10719070001
10718980004
10718980003
10718980002
10718980001
10718973006
10718973005
10717319004
10717319003
10717319002
10717319001
10717218004
10717213005
10717213004
10717403016
10717403015
10717403014
10717403013
10717403012
10717403011
10717403010
10717402022
10717402020
10717402019
10717402018
10717402017
10717402016
10717402015
10717402014
10717402013
10717402012
10717402011
10717401019
10717401018
10717401017
10717401016
10710577016
10710577015
10710577014
10710577013
10710577012
10710577010
10710518011
10710518010
10710518009
10710518008
10710518007
10710518006
10713069001
10713068004
10713068003
10713068002
10713068001
10713064004
10713064003
10713064002
10713064001
10712109001
10712108001
10712002003
10710697025
10710697001
10710663016
10710663015
10710663014
10710663013
10710663011
10710264005
10710201001
10710199001
10710301001
10710318005
10710310013
10710307019
10710307017
10710307015
10710307013
10710307011
10710304010
10710304009
10710301025
10710301023
10710301021
10713069002
10715900004
10715900003
10715900002
10715898005
10715898004
10715897005
10715897004
10715897003
10715897002
10715896004
10715896002
10715884005
10715884004
10715884003
10715884002
10715883005
10715883004
10715883003
10715883002
10715880005
10715880004
10715880003
10715880002
10715879005
10715879004
10715879003
10715879002
10715878005
10715878004
10715878002
10715877005
10715900005
10716462005
10716462004
10716462003
10716462002
10716411017
10716411015
10716411013
10716411011
10716411009
10716299005
10716236003
10715934003
10715934002
10715934001
10715920005
10715920004
10715920003
10715920002
10715905005
10715905004
10715905003
10715905002
10715877002
10715319002
10715319001
10715318003
10715318002
10715318001
10714969009
10714969008
10714969007
10714969006
10714969005
10714969004
10714969003
10714856008
10714856007
10714856006
10714856005
10714768024
10714768023
10714768022
10714768021
10714768020
10714768019
10714768001
10714571003
10713719001
10713710003
10713710002
10713710001
10713069004
10713069003
10715319003
10715477005
10715477002
10715476002
10715465005
10715465004
10715465003
10715465002
10715330005
10715330004
10715326005
10715326004
10715326003
10715326002
10715325005
10715325004
10715325003
10715325002
10715324005
10715324004
10715324002
10715323004
10715323003
10715323002
10715322004
10715322003
10715322002
10715321004
10715321003
10715321002
10715321001
10677925009
10283390001
10283773002
10283773003
10283773004
10283773005
10276400004
10276315001
10275560001
10275496009
10275496005
10275496004
10275488001
10275487001
10275486001
10283774002
10284691004
10284691003
10284691002
10284690004
10284690003
10284690002
10283778005
10283778004
10283778003
10283778002
10283776004
10283776003
10283776002
10283774005
10283774004
10283774003
10272800001
10272721001
10272648001
10271088001
10271087001
10271067001
10271066001
10271065001
10268053004
10268053003
10268047005
10268047003
10267384005
10267384004
10267384003
10264682001
10264681001
10264680001
10272801001
10272810001
10272809001
10272802001
10535347001
10535305001
10535295001
10535292001
10535291001
10535348001
10585649001
10585571004
10585571003
10585571002
10585571001
10584046003
10570475005
10570475004
10570475003
10570475002
10570475001
10569474003
10567478011
10567478005
10567478002
10567477011
10567477007
10567477004
10567477003
10567477002
10567477001
10567395005
10566019001
10565931001
10565895001
10559213003
10535414001
10535399001
10535398001
10535349001
10532571013
10531836001
10531832001
10531830001
10531829001
10514377001
10511470001
10511468001
10511452001
10496320003
10496320001
10496319003
10496319002
10496319001
10460974004
10460974003
10457963015
10457963014
10457963012
10457963011
10456174001
10455774001
10287129005
10287129004
10287129003
10287129002
10532571015
10533384006
10532665002
10532665001
10532664002
10532664001
10532663002
10532663001
10532647005
10532647004
10532647003
10532647002
10532585003
10532585002
10532585001
10532572016
10532572015
10532572014
10532572013
10532572011
10264679001
10094606001
10094602001
10090047001
10085610001
10085549001
10085546001
10085545001
10085534001
10083397006
10083397002
10083330005
10083330004
10083330003
10083330002
10081440001
10081358001
10081333001
10094668001
10161124004
10156689001
10066369001
10066363001
10066159001
10066151001
10066149001
10066147001
10066146001
10066135001
10066133001
10066741001
10080985001
10080792001
10080680001
10080445001
10067036004
10067036003
10067036002
10066743002
10066742004
10066742003
10066742002
10066741003
10066741002
10259657008
10259657007
10246500005
10245038001
10259657009
10264674001
10264673001
10264672001
10264671001
10264670001
10264669001
10264668001
10261857009
10261857008
10261857007
10261857006
10261857005
10261857004
10261857003
10259658013
10259658012
10259658011
10259658010
10259658009
10259658008
10259658007
10259658006
10259657013
10259657012
10259657011
10259657010
10181982005
10181982004
10181982003
10181982002
10181802003
10181802002
10181802001
10178559001
10172657002
10172657001
10164202004
10164202003
10164202002
10164202001
10163767001
10163600001
10186716001
10221288001
10220361002
10220361001
10216062002
10216062001
10211536001
10211535001
10209265001
10209204001
10209173001
10208602001
10208589003
10205917001
10200640001
10200072010
10200072009
10200072008
10200072007
10200071010
10200071009
10200071008
10200071007
10186717001
10642550002
10642550003
10642550004
10641771005
10641771004
10641771003
10641771002
10642550005
10642560002
10642560003
10642560005
10642593003
10642593005
10642593006
10641255004
10641255003
10641255002
10636643001
10636642001
10635474001
10635435001
10642600005
10664606015
10664322001
10662644004
10662644003
10662644002
10662644001
10662643003
10662643002
10662643001
10650772013
10650772012
10650772011
10650772010
10650772009
10650772008
10649994016
10649994015
10649994014
10649994013
10649994012
10649994011
10649994010
10649993015
10649993014
10649993008
10649993007
10649993006
10649993005
10649993004
10633274007
10627762002
10627762001
10627647003
10627647002
10627551004
10627551003
10627551002
10627551001
10627197005
10625743004
10625585019
10625585018
10625585017
10625585016
10625585015
10625585014
10625585013
10627762003
10633274006
10633274005
10633274004
10633274003
10633274002
10633274001
10632923009
10632923008
10632923007
10632923006
10632923005
10632710001
10630318001
10629162001
10629161001
10627780004
10627780003
10627780002
10627780001
10627770005
10627770004
10627770003
10627770002
10627769005
10627764004
10627764003
10627764002
10627764001
10627762004
10664606017
10677249004
10677249002
10677218016
10677925008
10677925007
10677925006
10677703019
10677516023
10677516021
10677516020
10677516019
10677516018
10677516017
10677516016
10677516015
10677516014
10677429004
10677429003
10677429002
10677429001
10677428004
10677428003
10677428002
10677428001
10668771011
10668771007
10668770013
10668770011
10668770009
10668770007
10668770005
10668372006
10668372005
10668372004
10668371006
10668371005
10668371004
10668368006
10668368005
10664607021
10664607019
10664607017
10664607015
10664607013
10664607011
10664607009
10664607007
10664606021
10664606019
10674938001
10674937001
10674935001
10672612001
10672611001
10672610003
10672608003
10672607003
10672044001
10672022005
10672022004
10672022003
10672022002
10671987001
10671970001
10607159011
10607159010
10607159008
10607159007
10607159006
10607159005
10607159001
10607040002
10607040001
10607039001
10604247001
10604246001
10598703002
10597828004
10597828003
10597828002
10597828001
10597825004
10597825003
10597825002
10597825001
10597823004
10597823003
10597823002
10597823001
10607159012
10610052002
10610052001
10607978005
10607978003
10607978002
10607978001
10607518001
10607502003
10607469003
10607159019
10607159018
10607159017
10607159015
10607159013
10596269005
10596268005
10596268004
10591773007
10591773002
10591275003
10591275002
10591269003
10591269002
10590569003
10590569002
10590569001
10596643004
10597643005
10597643004
10597643003
10597642006
10597642005
10597642004
10597642003
10597642002
10597641006
10597641005
10597641004
10597641003
10597641002
10596654004
10624830005
10624830004
10624829005
10624829004
10624829003
10624829002
10624828005
10624828004
10624828003
10624828002
10624701001
10625070018
10625070016
10625070015
10625070014
10625070013
10625070012
10625070011
10625070010
10625068016
10625068015
10625068014
10625068013
10614309013
10614309012
10614309011
10614309010
10614067005
10614067004
10613925001
10613775005
10614309014
10624537001
10620942001
10616870020
10616870019
10616870018
10616870017
10616870016
10616870014
10614309016
10614309015
10720231004
10777038002
10777038004
10777059003
10777037005
10777037004
10777037003
10777037002
10777059004
10777059005
10777067002
10777067003
10777067004
10777068002
10777068003
10777068004
10777024005
10777024004
10777024002
10777016005
10777016004
10777016003
10777016002
10777013004
10777013003
10777013002
10775133001
10769482007
10777068005
10777363001
10777343002
10777343001
10777342004
10777342003
10777342002
10777340004
10777340003
10777337004
10777337003
10777330001
10777227001
10777220001
10777218001
10777183005
10777183004
10777146005
10777146004
10777146002
10777119010
10777119008
10777119005
10777099005
10777099004
10777099003
10777099002
10777074005
10777074004
10777074003
10777074002
10769482005
10760714014
10760714013
10760714011
10760039013
10760039012
10760039011
10760039010
10760039009
10760039008
10760039006
10760039005
10759946015
10759946014
10759506001
10759478004
10759478003
10759478002
10760714015
10769482004
10763501012
10762940006
10762940005
10762940004
10762940003
10762749001
10762514006
10762514005
10762514004
10762350003
10761855012
10761580005
10761580003
10761260011
10761260007
10761260005
10761260003
10761250009
10761250007
10761250005
10760832022
10760832020
10760809015
10760809014
10760714016
10777363002
10779682004
10779682003
10779682002
10779682001
10778125002
10778096004
10778096003
10778096002
10777986014
10777986013
10777985017
10777985016
10777985015
10777985014
10777985013
10777985012
10777985011
10777985010
10777963011
10777963010
10781990016
10781990015
10781990014
10781990013
10781990012
10781990011
10781990010
10781980005
10781980004
10781980003
10781980002
10781979005
10781979004
10781979003
10781979002
10777963008
10777813013
10777812015
10777812013
10777811015
10777811013
10777810013
10777701003
10777701002
10777699003
10777588004
10777588002
10777587004
10777587003
10777587002
10777458001
10777446003
10777446002
10777445003
10777445002
10777364003
10777364002
10777364001
10777363004
10777814015
10777963007
10777955011
10777955010
10777955009
10777955008
10777955007
10777918015
10777918012
10777918011
10777901020
10777901019
10777901018
10777901017
10777901016
10777901015
10777901014
10777892020
10777892019
10777892018
10777892017
10777892016
10777892015
10777892014
10777888020
10777888018
10777888016
10777887019
10777887017
10777861015
10777861013
10758622023
10758622021
10758622020
10758622019
10758622018
10758622017
10758622016
10758622015
10758622014
10758622013
10758583016
10758583015
10758583014
10758583013
10758583012
10758630015
10758624020
10758624019
10758624018
10758624017
10758624016
10758624015
10758624014
10758624013
10758623020
10758623017
10758623016
10758623015
10758390019
10758390017
10758390015
10758390013
10758390011
10758388025
10758388001
10758349023
10758349021
10758349020
10758349019
10758349018
10758349017
10758349016
10758349014
10758583010
10758577017
10758428011
10758428010
10758428009
10758428008
10758428007
10758428006
10759000005
10759000004
10759000003
10758968004
10758968002
10758766002
10758698004
10758692004
10758692003
10758692002
10758692001
10758917001
10784719002
10784719003
10784719004
10784716004
10784716003
10784716002
10784716001
10784730001
10784730002
10784734001
10784734004
10784735001
10784735002
10784735003
10784735004
10784714004
10784714003
10784714002
10784714001
10784673003
10784671004
10784671003
10784671002
10784671001
10784435006
10784435005
10784435004
10784435003
10786387015
10785844005
10785844004
10785844003
10785844002
10785843004
10785843003
10785843002
10785834004
10785715003
10785714001
10785701006
10785694003
10785637004
10785636005
10785634005
10784434006
10783374004
10783374003
10783374002
10783374001
10783322015
10783322014
10783322013
10783322012
10783375001
10784434005
10784434004
10784434003
10784253001
10784252001
10784249001
10784248001
10784246001
10784239001
10784228001
10783681020
10783681019
10783681018
10783375004
10783375003
10783375002
10786387016
10787600002
10787496003
10787481020
10787467016
10787467015
10787467014
10787467013
10787467011
10787445019
10787445015
10787150016
10787150015
10787150014
10787150013
10787150012
10787150011
10787150010
10786850020
10786850018
10786850017
10786850016
10786850015
10786850014
10786557026
10786557024
10786557022
10786557020
10787605003
10789611017
10789611016
10789611015
10789611014
10789610020
10789610019
10789610018
10789610017
10789610016
10789610015
10789610014
10788898002
10788637004
10788614002
10788352004
10788268002
10788254002
10788253002
10787867003
10787800006
10787800005
10787799006
10787799005
10787724003
10787667006
10787663002
10787647003
10787627006
10787627005
10787627004
10787627003
10786557002
10786539009
10786539003
10786539001
10786538026
10786538024
10786538022
10786538020
10786538003
10786538001
10786444019
10786444017
10786444016
10786444015
10786444013
10786444009
10786443017
10786443016
10786443015
10786443014
10786442026
10786442024
10786442022
10786442020
10786442003
10786442001
10786387020
10786387019
10786387018
10786539012
10786557001
10786554024
10786554022
10786554020
10786554002
10786554001
10786546016
10786546015
10786546014
10786546013
10786544020
10786541026
10786541024
10786541022
10786541020
10786541003
10786541001
10786540026
10786540024
10786540022
10786540020
10786540003
10786540001
10786539026
10786539024
10786539022
10786539020
10786539013
10782537004
10782537002
10782505016
10782505015
10782505014
10782505013
10782505012
10782589011
10782589010
10782589009
10782589008
10782589007
10782589006
10782582016
10782582015
10782582013
10782582012
10782582011
10782582010
10782568005
10782557002
10782284002
10782279005
10782279003
10782181004
10782170025
10782170023
10782170021
10782170005
10782170003
10782170001
10782098005
10782098004
10782098003
10782098002
10782284003
10782355005
10782355004
10783191002
10783136005
10783136004
10783136003
10783136002
10783134005
10783101004
10783101003
10783101002
10783067002
10783053005
10782766011
10782698004
10782698003
10782698002
10782698001
10782665013
10782872003
10782872002
10782865003
10782865002
10782864001
10782860001
10782859001
10782794005
10782794004
10782794002
10782786005
10782786004
10782786002
10782778002
10729285012
10729285013
10729285014
10729285011
10729285010
10729281019
10729281018
10729285015
10729285016
10729286010
10729286011
10729286012
10729286013
10729286014
10729286015
10729281017
10729280021
10729280020
10729280019
10729280018
10729280017
10729280016
10729286016
10729290018
10729290017
10729290016
10729290015
10729289018
10729289016
10729288018
10729288017
10729288016
10729288015
10729288014
10729288013
10729288012
10729287016
10729287015
10729287014
10729287013
10729287012
10729287011
10729287010
10729286018
10729286017
10728847001
10728823020
10728823019
10728823018
10728823017
10728823015
10728823014
10728823013
10728996011
10728996010
10728996009
10728996008
10728996007
10728996006
10728974001
10733062003
10733062002
10732978004
10729626003
10729614005
10729614004
10729614003
10729614002
10729589017
10729589016
10729589015
10729589014
10729589013
10729589012
10729589011
10729589010
10733064001
10735004002
10735004001
10734995008
10734995006
10734995004
10734995002
10734994008
10734994006
10734994002
10733918001
10733914001
10733906001
10733804004
10733804002
10733804001
10733718002
10733718001
10733662001
10733653005
10733653004
10733653001
10733307001
10733306001
10733303001
10733176003
10733176002
10733176001
10733175003
10733175002
10733175001
10729571016
10729401010
10729349018
10729318017
10729318016
10729318015
10729318014
10729318013
10729318012
10729318011
10729318010
10729401011
10729571015
10729571014
10729571013
10729571012
10729571011
10729571010
10729565023
10729565021
10729565020
10729565019
10729565018
10729565017
10729565016
10729565015
10729565014
10729565013
10729564019
10729564018
10729564017
10729564016
10729564015
10729564013
10729401016
10729401015
10729401014
10729401013
10729401012
10722409001
10722408004
10722408002
10722408001
10722395004
10722395003
10722394004
10722394003
10722359005
10722359002
10722341005
10722341004
10722341003
10722341002
10722338005
10722338004
10722338003
10722338002
10722336005
10722336004
10722336003
10722336002
10722334005
10722334004
10722334003
10722334002
10722323003
10722323002
10722321005
10722321004
10722321003
10722409002
10722883004
10722883002
10722883001
10722651005
10722651004
10722651003
10722650005
10722650004
10722650002
10722590005
10722590004
10722590003
10722590002
10722504004
10722504003
10722504002
10722504001
10722475004
10722475003
10722464004
10722464002
10722463003
10722463002
10722463001
10722414004
10722414003
10722409004
10722321002
10722154003
10722154002
10722154001
10722153004
10722153003
10722153001
10722151002
10722151001
10722128004
10722128003
10722125004
10722125003
10722125002
10722121004
10722121002
10722097004
10722097003
10722097002
10722097001
10722094003
10722094002
10722094001
10721703001
10720419001
10720232007
10720232005
10720232004
10720231007
10720231006
10720231005
10722160001
10722320005
10722320004
10722320003
10722320002
10722316004
10722316003
10722315004
10722290001
10722261005
10722261004
10722256005
10722256004
10722256003
10722256002
10722254005
10722254004
10722254003
10722254002
10722231005
10722231004
10722231003
10722228002
10722163001
10722160004
10722160003
10722160002
10728447005
10728447004
10728446004
10728446002
10728235025
10728235023
10728235021
10728235003
10728235001
10728615004
10728615003
10728615002
10728614003
10728614002
10728547005
10728547004
10728547003
10723116017
10723116015
10722983019
10722983018
10722983017
10722983016
10722983014
10722976017
10722976016
10722976015
10722976014
10722976013
10722976012
10722976011
10722976010
10722960015
10722960013
10722918021
10722918020
10722918019
10722918018
10722918017
10722918016
10722918015
10722918014
10722917020
10722917018
10722917016
10722917014
10723197015
10728075005
10728075004
10728075003
10728075002
10726977004
10726975007
10726975006
10726975005
10726974007
10726974006
10726974005
10726974004
10726686016
10726686015
10726686014
10726686013
10726686012
10726686011
10726686010
10725031003
10724999004
10723197017
10748641001
10748641003
10748476004
10748442003
10748667001
10748667002
10748667003
10748667004
10748690001
10748722002
10748725002
10748442001
10748374011
10748369003
10748342002
10748342001
10748259001
10747724001
10747582002
10747579003
10747579002
10747578002
10747576004
10748736001
10748761003
10748761002
10748761001
10748758004
10748758003
10748758002
10748758001
10748757004
10748757003
10748757002
10748757001
10748756004
10748756003
10748756002
10748756001
10748751004
10748751003
10748751002
10748750004
10748750003
10748750002
10748747004
10748747003
10748747002
10748747001
10748740004
10748740003
10748740002
10748740001
10748736003
10748736002
10747369018
10747369017
10747369016
10747369015
10747369014
10747369019
10747576002
10747575005
10747575004
10747575003
10747575002
10747572005
10747572004
10747572003
10747572002
10747571005
10747571004
10747571003
10747571002
10747542016
10747542015
10747542014
10747542013
10747369023
10747369021
10747369020
10748761004
10757958001
10757783003
10757783002
10757436006
10757436005
10757436004
10757436003
10757435006
10757435004
10757435003
10757363001
10757292003
10757003008
10757003007
10757003006
10757003005
10754357001
10754337005
10754337004
10754337003
10754337002
10753818005
10753818004
10753816004
10753816003
10753808005
10753808003
10757958002
10758318005
10758318004
10758251005
10758251004
10758250005
10758250004
10758250003
10758250002
10758228015
10758228013
10757958005
10757958004
10757958003
10753808002
10752467004
10752467003
10752342009
10752342007
10752342006
10752342005
10752342004
10752342003
10751665001
10749269002
10749007001
10748842007
10748842006
10748842005
10748842004
10748772002
10748772001
10748769004
10748769003
10748769002
10748769001
10748767004
10748767003
10748767002
10748767001
10748764003
10748764002
10748764001
10748763003
10748763002
10748763001
10752467005
10753802005
10753802004
10753802003
10753802002
10753781001
10753779001
10753769001
10753328006
10753328005
10753328004
10753328003
10753327006
10753327004
10753327003
10753326005
10753326004
10753325006
10753325004
10753325003
10752671007
10752671005
10752671003
10752671002
10752670007
10752670005
10752670003
10752670002
10752467008
10752467007
10752467006
10746438002
10746346002
10746311001
10746304003
10746303005
10746303004
10746303003
10746578005
10746578004
10746578003
10746578002
10746576005
10746576004
10746576003
10746576002
10746573003
10746303002
10745045002
10744967003
10744789001
10744786001
10744754001
10743898001
10743655001
10743642006
10743642004
10735110005
10735110004
10735110003
10735110002
10735109005
10735109004
10735109003
10735109002
10735041001
10735016005
10735016004
10735016003
10735016002
10735011004
10735004004
10735004003
10746172002
10746301001
10746300001
10746248017
10746248015
10746248013
10746187017
10746187015
10746187013
10746187011
10746187009
10746172005
10746172004
10746172003
10746880010
10746876015
10746836001
10746834001
10746771004
10746771003
10746771002
10746880012
10747047001
10746893003
10746893002
10746893001
10746885011
10746885010
10746885009
10746885008
10746885007
10746885006
10746880016
10746880015
10746880014
10746880013
10746689003
10746688005
10746688002
10746631004
10746631002
10746631001
10746630005
10746630004
10746689004
10746725002
10746707018
10746707017
10746707016
10746707015
10746707014
10746707013
10746707012
10746707010
10746706019
10746706018
10746706017
10746706016
10746706015
10746706014
10746706013
10746705016
10746705015
10746705014
10746705013
10746705012
10746705010
10931362021
10931359021
10931359019
10931359018
10931359014
10931357008
10931355023
10931355021
10931355020
10931355019
10931354007
10931354006
10931436002
10931430006
10931430005
10931430004
10931430003
10931424006
10931424005
10931424004
10931400001
10931396001
10931393001
10931392011
10931392010
10931392009
10931392008
10931392007
10931392006
10931392003
10931392001
10931354005
10931319017
10931319016
10931319014
10931312010
10931312007
10931306006
10931306005
10931306004
10931306003
10931305006
10931305005
10931305004
10931319018
10931352006
10931352005
10931352004
10931352003
10931338006
10931335015
10931332019
10931319021
10931319020
10931319019
10931436003
10931528003
10931523006
10931523005
10931502006
10931502005
10931501003
10931500003
10931496005
10931566005
10931565005
10931552006
10931552005
10931550006
10931549006
10931549005
10931549004
10931547005
10931538006
10931538004
10931534003
10931529006
10931528006
10931496004
10931459004
10931459002
10931457004
10931457003
10931457002
10931440005
10931440004
10931440003
10931440002
10931438004
10931438003
10931438002
10931436005
10931436004
10931496003
10931496002
10931486005
10931486003
10931486002
10931484005
10931484004
10931484003
10931484002
10931483005
10931483004
10931483003
10931483002
10931481005
10931481004
10931481003
10931481002
10931480005
10931480004
10931480003
10931480002
10931305003
10931215011
10931215010
10931214016
10931214015
10931214014
10931214013
10931212006
10931212005
10931212004
10931212003
10931211006
10931211005
10931211004
10931211003
10931210005
10931210004
10931210003
10931209015
10931209014
10931209013
10931209012
10931209011
10931209010
10931209009
10931205016
10931205015
10931205014
10931205013
10931205012
10931215012
10931220020
10931220019
10931220018
10931220017
10931220016
10931220015
10931220014
10931219023
10931219021
10931219020
10931219019
10931219018
10931219017
10931219015
10931216015
10931216014
10931216013
10931216012
10931216010
10931215017
10931215016
10931215015
10931215014
10931215013
10931205011
10931191006
10931191005
10931191004
10931191003
10931190006
10931190005
10931190004
10931190003
10931182017
10931154005
10931154004
10931154003
10931148009
10931142017
10931142016
10931142015
10931138019
10931138018
10931137023
10931137017
10931120018
10931120017
10931205010
10931202023
10931202018
10931202014
10931200020
10931200019
10931200018
10931200017
10931200016
10931200015
10931200014
10931200013
10931196011
10931196010
10931196005
10931195011
10931195009
10931195007
10931195006
10931195005
10931195003
10931220021
10931294011
10931294009
10931294008
10931294007
10931291020
10931291019
10931291017
10931290019
10931287020
10931286017
10931283021
10931283020
10931283017
10931283014
10931280021
10931280020
10931280019
10931280018
10931280017
10931303006
10931303005
10931303004
10931303003
10931302006
10931302005
10931302004
10931302003
10931301011
10931301010
10931301009
10931301008
10931301007
10931300011
10931300007
10931300003
10931300001
10931299011
10931299010
10931299009
10931299008
10931299007
10931280016
10931250013
10931250012
10931250011
10931250010
10931248016
10931248015
10931229003
10931227005
10931227004
10931227003
10931226006
10931226004
10931226003
10931221020
10931221017
10931221014
10931220023
10931250014
10931280015
10931273019
10931273017
10931271021
10931271019
10931271018
10931271017
10931271014
10931270019
10931270017
10931269023
10931269021
10931269020
10931269019
10931269018
10931264006
10931264005
10931264003
10931250016
10931250015
10939178003
10939178004
10939178005
10939178002
10939172001
10939170001
10939169001
10939178006
10939179001
10939184003
10939184004
10939184005
10939184006
10939185004
10939185005
10939144005
10939144004
10939144003
10939144002
10939143005
10939143004
10939143003
10939143002
10939136006
10939136005
10939136004
10939136003
10939136002
10939128004
10939128003
10939185006
10939291002
10939215006
10939193006
10939193004
10939193003
10939192007
10939192006
10939192005
10939192004
10939192003
10939191007
10939190006
10939190005
10939190004
10939190003
10939189005
10939189004
10939189003
10939127005
10939000003
10939000002
10938999006
10938999005
10938999004
10938999003
10938999002
10938998006
10938998005
10938998004
10938998003
10938998002
10938997006
10938997005
10938997004
10938997003
10938996004
10938996003
10938989006
10938989005
10938989004
10938989003
10938989002
10938986001
10938976006
10938976005
10938976004
10938976003
10938976002
10938975006
10938975005
10939000004
10939127003
10939127002
10939126004
10939126003
10939126002
10939123004
10939123002
10939099004
10939099002
10939096001
10939095001
10939094001
10939093001
10939091001
10939090001
10939089001
10939088001
10939087001
10939086001
10939083001
10939080001
10939079001
10939078001
10939077001
10939076001
10939075001
10939015001
10939000006
10939000005
10939291004
10939417004
10939417003
10939416006
10939416005
10939416004
10939416003
10939416002
10939414006
10939414005
10939414004
10939414003
10939413006
10939413003
10939406006
10939406005
10939406004
10939406003
10939406002
10939405006
10939405004
10939405003
10939405002
10939398007
10939398004
10939398003
10939398002
10939398001
10939397007
10939397004
10939397003
10939417005
10939560017
10939560016
10939560014
10939547001
10939546001
10939535001
10939533003
10939532003
10939531004
10939530004
10939499004
10939499003
10939499002
10939499001
10939498001
10939497001
10939496001
10939495001
10939417006
10939397002
10939334004
10939334003
10939333006
10939333005
10939333004
10939333003
10939333002
10939307006
10939307005
10939307004
10939307003
10939306006
10939306005
10939306004
10939292006
10939292005
10939292004
10939292003
10939292002
10939291006
10939291005
10939334005
10939397001
10939396006
10939396005
10939396004
10939396003
10939396002
10939395006
10939395005
10939395004
10939395003
10939395002
10939351006
10939351005
10939351004
10939350006
10939350005
10939350004
10939350003
10939335006
10939335005
10939335004
10939335003
10939334006
10938975004
10931753009
10931753008
10931753007
10931707006
10931707005
10931707004
10931707003
10931706006
10931706005
10931704006
10931704005
10931704004
10931704003
10931703006
10931703005
10931703004
10931703003
10931694003
10931689004
10931688006
10931688005
10931753010
10931802004
10931802003
10931774006
10931755011
10931755010
10931755008
10931755007
10931754011
10931753011
10931637003
10931635004
10931635003
10931633006
10931633005
10931631006
10931631005
10931631004
10931624006
10931601004
10931581006
10931581005
10931581004
10931581003
10931572006
10931572005
10931572004
10931637004
10931664011
10931664010
10931664009
10931664008
10931664007
10931664006
10931638005
10931638004
10931638003
10931637005
10931802005
10933619001
10933618003
10933618001
10933616003
10933616001
10933614003
10933614001
10933612003
10933612001
10933611001
10933610003
10933610001
10933608003
10933608001
10933605004
10933605002
10933604004
10933604002
10932393005
10932393004
10932393003
10932388004
10932381006
10932381003
10932367017
10932366018
10932366016
10932366014
10932364021
10932364020
10932364018
10933619003
10938975003
10938975002
10938966006
10938966005
10938966004
10938966003
10938966002
10938965006
10938965005
10938965004
10938965003
10938965002
10938964006
10938964005
10938964004
10938964003
10938964002
10938950001
10938247001
10938242001
10938232001
10938230001
10938229001
10938210001
10938208001
10932364017
10931819010
10931819009
10931819008
10931819007
10931819006
10931819005
10931819003
10931819001
10931815011
10931815010
10931815009
10931815008
10931815007
10931815006
10931815005
10931815003
10931815001
10931808004
10931808003
10931803006
10931802006
10931819011
10932364016
10932364015
10932364014
10932363005
10932362006
10932355001
10931852011
10931852010
10931852008
10931852007
10931852006
10931832011
10931832010
10931832009
10931832008
10931832007
10931831011
10931831010
10931831009
10931831008
10931831007
10931829011
10931829009
10931826011
10931826010
10931826009
10931826007
10931120016
10926927013
10926927014
10926927015
10926794004
10926794003
10926794002
10926794001
10926927017
10926791005
10926791004
10926791003
10926791002
10926791001
10926790004
10926790003
10926790002
10926790001
10926769022
10926769019
10926769018
10926769015
10926769014
10927174008
10927174007
10927174006
10927173009
10927173008
10927173007
10927172008
10927170009
10927170008
10927170007
10927159006
10927159005
10927159004
10927159003
10926982010
10926982009
10926982007
10926982006
10926982005
10926978006
10926978005
10926978004
10926978003
10926978002
10926977010
10926977009
10926977008
10926977007
10926476004
10926476003
10926476002
10926475001
10926466005
10926431006
10926431005
10926431004
10926431003
10926431002
10926431001
10926429005
10926429004
10926429003
10926429002
10926428003
10926428002
10926428001
10926427005
10926427002
10926426006
10926426005
10926426004
10926426003
10926426002
10926425002
10926425001
10926424004
10926424003
10926424002
10926495001
10926759004
10926753005
10926753004
10926753003
10926753002
10926753001
10926752003
10926752002
10926752001
10926748004
10926743006
10926743005
10926743003
10926743002
10926740003
10926740002
10926740001
10926739001
10926738004
10926738003
10926738002
10926738001
10926733002
10926496003
10926496002
10926496001
10926495004
10926495003
10926495002
10927174009
10930500006
10930500005
10930500004
10930500003
10930482011
10930482010
10930482009
10930482008
10930482007
10930482006
10930481011
10930481010
10930481009
10927635005
10927635004
10927635003
10927635002
10927635001
10927634006
10930501004
10930537016
10930537015
10930537014
10930537013
10930537011
10930527014
10930527013
10930527012
10930526016
10930526015
10930526014
10930526013
10930526012
10930526011
10930526010
10930525016
10930525015
10930525014
10930525013
10930525010
10930512016
10930512015
10930512014
10930512013
10930508011
10930508009
10930505001
10930501005
10927634005
10927628005
10927628004
10927628003
10927628002
10927627006
10927627003
10927627002
10927627001
10927626006
10927626005
10927626003
10927626002
10927626001
10927625007
10927625006
10927625004
10927625003
10927625001
10927498002
10927497002
10927180002
10927180001
10927179005
10927179004
10927179003
10927178005
10927178004
10927178003
10927178001
10927176008
10927176007
10927628006
10927634004
10927634003
10927634002
10927633006
10927633005
10927633004
10927633003
10927633002
10927632007
10927632006
10927632005
10927632004
10927632003
10927632002
10927631007
10927631006
10927631005
10927631003
10927631002
10927630006
10927630005
10927630004
10927630003
10927630002
10927629007
10927629006
10927629005
10927629004
10927629002
10927629001
10927628007
10926424001
10925223001
10925223003
10925754002
10925751005
10925750002
10925749003
10925749001
10925289001
10925276001
10925245003
10925245002
10925245001
10925232002
10925232001
10925231001
10925230003
10925230001
10925228003
10925228002
10925228001
10925227003
10925227002
10925227001
10925224003
10925224001
10925223004
10924665014
10925754003
10926370003
10926367003
10926365007
10926365005
10926365004
10926364007
10926364006
10926364005
10926364004
10926363004
10926362005
10926362004
10926361007
10926361006
10926361005
10926361004
10926359006
10926359005
10926359004
10926357007
10926357005
10926357004
10926356004
10926345011
10926345009
10926345008
10926332021
10926332014
10926311010
10926309018
10926309017
10926370004
10926422006
10926422004
10926422003
10926392014
10926392013
10926392012
10926392011
10926386007
10926386006
10926386005
10926386004
10926382007
10926382006
10926382005
10926382004
10926380006
10926380005
10926380004
10926380003
10926379007
10926379004
10926376006
10926376005
10926376004
10926376003
10926375006
10926375005
10926375004
10926375003
10926370006
10926370005
10926309016
10925779004
10925779003
10925779002
10925778005
10925778003
10925778002
10925777004
10925777002
10925776004
10925776003
10925776002
10925776001
10925775010
10925774012
10925774010
10925773012
10925773010
10925773008
10925769001
10925768001
10925767001
10925766001
10925765001
10925764001
10925763001
10925762001
10925761001
10925759003
10925759002
10925754005
10925754004
10925779005
10926304001
10926194004
10926194003
10926194002
10926194001
10926193003
10926193002
10926193001
10926192004
10926192003
10926192002
10926192001
10926191002
10926191001
10926107001
10925789004
10925789003
10925789002
10925788005
10925788004
10925788003
10925787004
10925787003
10925787002
10925785004
10925785003
10925783001
10925781001
10925780004
10925780003
10925780001
10930939017
10930939018
10930939019
10930939016
10930939015
10930939014
10930938018
10930939021
10930943010
10930943013
10930943015
10930947017
10930938017
10930938015
10930938014
10930927003
10930927002
10930947018
10930989016
10930989015
10930964011
10930964010
10930963016
10930963015
10930963014
10930963013
10930963011
10930963010
10930962016
10930962015
10930962014
10930962013
10930962012
10930962011
10930962010
10930950011
10930950010
10930950009
10930950008
10930950007
10930950006
10930947019
10930880006
10930880005
10930876006
10930876005
10930876004
10930876003
10930869006
10930869005
10930864006
10930864005
10930864004
10930864003
10930882004
10930916006
10930916005
10930916004
10930916003
10930914004
10930914003
10930913004
10930909006
10930909005
10930909004
10930909003
10930907005
10930907004
10930907003
10930898011
10930898009
10930883017
10930883016
10930883015
10930883014
10930883013
10930882005
10931087020
10931087018
10931087016
10931087014
10931084011
10931084010
10931084009
10931084008
10931084007
10931079006
10931079005
10931079004
10931079003
10931074012
10931074010
10931074008
10931070005
10931068004
10931065003
10931059004
10931050005
10931050004
10931120015
10931120014
10931120013
10931120012
10931120011
10931120010
10931118015
10931113010
10931093006
10931093005
10931093004
10931093003
10931091005
10931091003
10931089016
10931089014
10931087022
10931050003
10931008012
10931008010
10931005023
10931005021
10931005020
10931005019
10931005018
10931005017
10931005015
10931005013
10930993018
10930993017
10930992020
10930992019
10931008013
10931049005
10931049004
10931049003
10931035024
10931035022
10931035001
10931033010
10931029009
10931029008
10931029007
10931025005
10931024005
10931010017
10931008016
10931008015
10931008014
10930653019
10930653018
10930650018
10930650016
10930650013
10930648021
10930648020
10930648019
10930648018
10930648017
10930645020
10930645019
10930645018
10930642005
10930655014
10930694014
10930694013
10930692006
10930684001
10930681023
10930681019
10930670023
10930670020
10930670019
10930670018
10930670017
10930670016
10930670015
10930670014
10930667021
10930662016
10930662015
10930662013
10930662012
10930655018
10930594004
10930594003
10930593003
10930592005
10930592003
10930592002
10930589023
10930589021
10930589020
10930589019
10930589018
10930589017
10930587017
10930585023
10930585013
10930570011
10930570010
10930567006
10930567004
10930567003
10930563006
10930563004
10930549016
10930549015
10930549014
10930549012
10930549011
10930594005
10930634023
10930632011
10930632010
10930632007
10930630010
10930630009
10930621015
10930621014
10930621012
10930621011
10930619001
10930616016
10930616015
10930616014
10930616013
10930616012
10930616011
10930616010
10930607005
10930607004
10930607003
10930607002
10930605004
10930602021
10930602020
10930594006
10930694015
10930815015
10930815013
10930806016
10930792023
10930792021
10930792020
10930792019
10930792018
10930792017
10930792016
10930792015
10930792014
10930791018
10930791017
10930791016
10930791015
10930791014
10930791013
10930784001
10930817014
10930827021
10930827020
10930827019
10930827018
10930827017
10930827014
10930818023
10930818019
10930817019
10930732013
10930730011
10930730010
10930730009
10930730008
10930730007
10930730006
10930718006
10930718005
10930718004
10930718003
10930717006
10930708007
10930706004
10930706003
10930706002
10930705005
10930705004
10930705003
10930705002
10930704004
10930704003
10930704002
10930699021
10930694016
10930732014
10930771001
10930766001
10930759015
10930759014
10930759013
10930759012
10930759010
10930742013
10930735005
10930735004
10930732017
10930732016
10930732015
10939560019
10955300007
10955301001
10955297020
10955297019
10955297018
10955297017
10955302001
10955303003
10955303005
10955303006
10955305003
10955305004
10955305005
10955307015
10955297016
10955297015
10955296020
10955296019
10955296018
10955296017
10955296015
10955294005
10955294004
10955294003
10955309014
10955328005
10955328003
10955327005
10955325006
10955325005
10955325004
10955325003
10955324005
10955324004
10955324003
10955320003
10955318006
10955318003
10955311019
10955311018
10955310020
10955310019
10955310018
10955310017
10955310016
10955310015
10955310014
10955309020
10955309019
10955309018
10955309017
10955309016
10955309015
10950725005
10949166011
10949166010
10949166009
10949166008
10949166007
10949166006
10949166005
10949166003
10949166001
10949087006
10949087005
10949087004
10949087003
10949038005
10949038004
10949038003
10949038002
10948956006
10950712005
10950712004
10950712003
10950702004
10950702003
10950702002
10950702001
10950590006
10950590005
10950590004
10950589005
10950589004
10950589003
10950588004
10950588003
10950588002
10950587006
10950587003
10950294001
10950293001
10950292001
10950127003
10949223017
10949223016
10949223015
10949223014
10949223013
10949223012
10949223011
10949223010
10955328006
10956502012
10956502011
10956502010
10956502009
10956498010
10956498009
10956496020
10956496019
10956496018
10956496016
10956496015
10956496014
10956495001
10956352001
10956351004
10956351003
10956351002
10956351001
10956343020
10956343019
10956343018
10956343017
10956343016
10956343015
10956343014
10956340010
10956340007
10956335016
10956335013
10956330013
10956330012
10956502013
10956520004
10956520003
10956516005
10956516004
10956516003
10956515006
10956515005
10956515004
10956515003
10956514006
10956514005
10956514004
10956514003
10956513019
10956511017
10956511016
10956511015
10956511014
10956511013
10956511012
10956511011
10956511010
10956511009
10956510020
10956510019
10956508013
10956508012
10956508011
10956508009
10956504016
10956502015
10956330011
10955355003
10955353006
10955353005
10955353004
10955353003
10955351005
10955351004
10955351003
10955351002
10955350005
10955350004
10955350003
10955349003
10955349002
10955348003
10955348002
10955346006
10955346005
10955346004
10955346003
10955344006
10955344005
10955344004
10955344003
10955337003
10955336004
10955336003
10955355004
10956330010
10956330009
10956330008
10956330007
10956286003
10956283003
10956282007
10956282006
10956281005
10956281004
10956280005
10956280004
10956270005
10956270004
10956270003
10956270002
10956267006
10956267005
10956267004
10956267003
10956267002
10955357006
10955357005
10955357004
10955357003
10955356006
10955356005
10955356004
10955356003
10955355006
10955355005
10944347011
10944346021
10944346020
10944346019
10944346018
10944346017
10944346016
10944346015
10944346014
10944346013
10944346011
10944339023
10944339019
10944339018
10944339017
10944339016
10944339015
10944339014
10944339010
10944338019
10944338017
10944338016
10944338015
10944326023
10944326021
10944326020
10944326019
10944326015
10944326010
10944347014
10944373020
10944373019
10944373018
10944373017
10944373016
10944373014
10944352021
10944352020
10944352019
10944352018
10944352017
10944352016
10944352015
10944352014
10944351021
10944351020
10944351019
10944351018
10944351017
10944351016
10944351015
10944351014
10944348021
10944348020
10944348019
10944348018
10944348017
10944348016
10944348015
10944348014
10944348011
10944263018
10944263017
10944263016
10944263015
10944263014
10944263013
10944263012
10944263011
10944261010
10944261008
10944261007
10944261006
10944260011
10944260010
10944260009
10944260008
10944260007
10944260006
10944312018
10944312017
10944312016
10944303009
10944303008
10944292018
10944285023
10944285021
10944285020
10944285019
10944285018
10944285017
10944285016
10944285015
10944285014
10944283023
10944283020
10944283019
10944283018
10944283017
10944283016
10944373021
10947046015
10947046014
10947046013
10946141010
10946141009
10946141008
10946140010
10946140009
10946140008
10946140007
10946139010
10946139009
10946139008
10946139007
10946139006
10946139005
10946138006
10946138005
10946138004
10946138003
10946138002
10945025004
10945025003
10945024004
10945024003
10945023004
10945022004
10945022003
10945019004
10945019003
10945018004
10947047014
10948799006
10948799005
10948799004
10948799003
10947053013
10947053012
10947053011
10947053010
10947053009
10947049017
10947049013
10947049012
10947049011
10947049009
10947048015
10947048014
10947047019
10947047018
10947047017
10947047016
10947047015
10945018003
10944385016
10944385015
10944385014
10944385011
10944383021
10944383020
10944383019
10944383015
10944383014
10944383013
10944383011
10944382010
10944379018
10944379017
10944379016
10944379012
10944379011
10944377020
10944377018
10944377017
10944377016
10944376023
10944376021
10944376014
10944375023
10944375021
10944375020
10944375019
10944375015
10944374023
10944374020
10944385017
10945016001
10945014001
10945009001
10945007001
10945003004
10945003003
10945003002
10945002004
10944977004
10944977003
10944977002
10944970005
10944970004
10944970002
10944963004
10944963003
10944963002
10944962005
10944962004
10944962003
10944960004
10944960003
10944947005
10944947004
10944947003
10944842001
10944385020
10944385019
10944385018
10957732010
10957737018
10957737019
10957732009
10957724012
10957680012
10957745010
10957745011
10957745012
10957745015
10957747009
10957747010
10957818007
10957824021
10957680011
10957680010
10957680009
10957673008
10957673007
10957659020
10957659019
10957659017
10957659016
10957576012
10957576011
10957576010
10957576007
10957575011
10957836001
10957960016
10957960015
10957960014
10957920010
10957920009
10957908016
10957908015
10957908014
10957908013
10957908012
10957908011
10957908010
10957908009
10957902010
10957902009
10957901020
10957901019
10957901018
10957885020
10957885018
10957885017
10957885016
10957885015
10957841019
10957841018
10957841016
10957836026
10957836024
10957836022
10957836020
10957836003
10957575009
10957339019
10957302020
10957296020
10957296019
10957296018
10957296015
10957295020
10957295019
10957295018
10957295017
10957295016
10957295015
10957295014
10957294020
10957294018
10957294017
10957294015
10957293020
10957293019
10957293018
10957293017
10957293016
10957293015
10957293014
10957292009
10957289017
10957288020
10957288019
10957288018
10957288017
10957344009
10957575008
10957521019
10957521018
10957514016
10957514013
10957514012
10957464016
10957464013
10957464011
10957463016
10957421020
10957421019
10957421018
10957421017
10957407016
10957407015
10957407014
10957407013
10957407012
10957406016
10957406015
10957406014
10957406013
10957406012
10957344015
10957344013
10957344012
10957960017
10958198019
10958198018
10958198017
10958198016
10958198015
10958198013
10958198012
10958198011
10958198010
10958198009
10958193016
10958191019
10958185016
10958185015
10958185014
10958185013
10958185012
10958185011
10958185010
10958185009
10958150009
10958136021
10958136018
10958136017
10958108020
10958108019
10958108018
10958108017
10958108016
10958108015
10958108014
10958208014
10958482010
10958482009
10958456021
10958439019
10958435017
10958407017
10958407014
10958407011
10958407010
10958407009
10958385012
10958384018
10958383019
10958383018
10958381018
10958381017
10958381016
10958366012
10958293014
10958246019
10958219009
10958212018
10958212015
10958208020
10958208019
10958208018
10958208017
10958208016
10958208015
10958106020
10958041012
10958041011
10958041010
10958016020
10958013020
10958013018
10958008020
10958008019
10958008018
10958008017
10958008016
10958007019
10958007018
10958007017
10957994017
10957977021
10957977019
10957977018
10957977017
10957977016
10957977015
10957965015
10957965014
10957965012
10957965010
10957960020
10957960019
10957960018
10958041013
10958106019
10958106018
10958106017
10958106016
10958106015
10958106014
10958098020
10958098017
10958098016
10958098015
10958098014
10958090019
10958090017
10958090016
10958089019
10958089018
10958074019
10958073017
10958073016
10958073015
10958073014
10958073013
10958073012
10958073010
10958073009
10958053019
10958053018
10958053016
10958041016
10958041014
10957288016
10956637021
10956637008
10956637006
10956637005
10956637003
10956637002
10956635022
10956635021
10956635020
10956635019
10956635018
10956635017
10956635016
10956635015
10956635014
10956635013
10956634022
10956634021
10956634020
10956634019
10956634018
10956634017
10956634015
10956634014
10956634013
10956633022
10956633020
10956633019
10956633018
10956633017
10956633016
10956637023
10956717020
10956717019
10956717017
10956717015
10956717013
10956713013
10956712021
10956705015
10956705013
10956705012
10956703014
10956703013
10956703012
10956698016
10956698015
10956698014
10956698013
10956698012
10956698011
10956638026
10956638024
10956638023
10956638021
10956638008
10956638006
10956638005
10956638003
10956638002
10956637026
10956637024
10956633015
10956628005
10956628003
10956628002
10956627022
10956627021
10956627020
10956627019
10956627018
10956627017
10956627015
10956626022
10956626021
10956626020
10956626019
10956626018
10956626017
10956626015
10956626013
10956624022
10956624021
10956624020
10956624019
10956624018
10956624017
10956624016
10956624015
10956624014
10956624013
10956521005
10956521003
10956520006
10956628006
10956633014
10956633013
10956632022
10956632021
10956632020
10956632019
10956632018
10956632017
10956632016
10956632015
10956632013
10956631026
10956631024
10956631021
10956631008
10956631006
10956631005
10956631003
10956631002
10956629026
10956629024
10956629021
10956629008
10956629006
10956629005
10956629003
10956629002
10956628026
10956628024
10956628021
10956628008
10957103013
10957103012
10957103011
10957103010
10957080009
10957080008
10957080007
10957064016
10957062014
10957062013
10957062012
10957062010
10957062009
10957055016
10957055015
10957055014
10957055013
10957055012
10957055011
10957040016
10957040015
10957040014
10957040013
10957040011
10957033020
10957033019
10957033018
10957033017
10957033016
10957033015
10956979005
10957103014
10957216019
10957216018
10957216015
10957212019
10957212018
10957212017
10957212016
10957212013
10957194020
10957194019
10957194018
10957194017
10957194016
10957194015
10957194014
10957122016
10957122015
10957122014
10957122013
10957122012
10957122011
10957122010
10957122009
10957111013
10957111010
10957111009
10957103016
10957103015
10956979004
10956761007
10956761006
10956761005
10956761004
10956756020
10956756018
10956756017
10956756016
10956756015
10956755020
10956755019
10956755018
10956755017
10956755016
10956755015
10956755014
10956731023
10956731013
10956730023
10956730019
10956723023
10956723017
10956723015
10956721019
10956721018
10956721017
10956721015
10956721013
10956719023
10956719013
10956717023
10956766015
10956979003
10956977005
10956977004
10956977003
10956971007
10956971006
10956971005
10956971004
10956970007
10956970006
10956970005
10956969007
10956969006
10956969005
10956969004
10956913006
10956913005
10956913004
10956913003
10956886004
10956877001
10956784021
10956784019
10956784017
10956784015
10956784013
10956766020
10956766019
10956766018
10956766017
10956766016
10943296005
10943297002
10943297003
10943296004
10943296003
10943296002
10943294005
10943297004
10943297005
10943299002
10943299003
10943299004
10943306002
10943306003
10943294004
10943294003
10943294002
10943260005
10943260004
10943260003
10943260002
10943257003
10943257002
10943256005
10943256004
10943256003
10943256002
10943246004
10943246003
10943246002
10943306004
10943386003
10943386002
10943385005
10943385004
10943385003
10943385002
10943381004
10943381002
10943381001
10943378004
10943378003
10943378002
10943378001
10943374004
10943374003
10943374002
10943374001
10943346001
10943345001
10943308005
10943308004
10943308003
10943308002
10943307004
10943307003
10943307002
10943306005
10943246001
10943164003
10943164002
10943162004
10943162003
10943162002
10943162001
10943152005
10943152004
10943150004
10943150003
10943150002
10943115003
10943093004
10943093003
10943093002
10943091005
10943091004
10943091003
10943091002
10943076004
10943076003
10943075004
10943075003
10943065001
10943164004
10943243004
10943242004
10943242003
10943242002
10943236004
10943236003
10943236002
10943236001
10943224003
10943224002
10943199001
10943191005
10943191004
10943191003
10943191002
10943190005
10943190004
10943190003
10943190002
10943178005
10943178004
10943178003
10943178002
10943386004
10943445004
10943445003
10943445002
10943443004
10943443003
10943443002
10943443001
10943440003
10943440002
10943440001
10943438004
10943438003
10943438002
10943437004
10943437002
10943437001
10943429005
10943429004
10943484005
10943484004
10943484003
10943484002
10943462004
10943462003
10943462001
10943455004
10943455002
10943455001
10943454002
10943454001
10943429002
10943411003
10943411002
10943410005
10943410004
10943410003
10943410002
10943407003
10943407002
10943406004
10943406003
10943406002
10943404004
10943404003
10943404002
10943403003
10943403002
10943402003
10943402002
10943393005
10943393004
10943393003
10943393002
10943392005
10943392004
10943392003
10943392002
10943389005
10943389004
10943389003
10943389002
10943386005
10943411004
10943422004
10943422003
10943422002
10943421005
10943421004
10943421003
10943421002
10943419005
10943419004
10943419003
10943419002
10943417005
10943417004
10943417003
10943414005
10943414004
10943414002
10943413005
10943413004
10943413003
10943413002
10943412005
10943412004
10943412003
10943412002
10943411005
10943039001
10942327016
10942327015
10942326017
10942326016
10942326015
10942325019
10942325018
10942325017
10942325016
10942325015
10942325011
10942324020
10942324019
10942324018
10942324017
10942324016
10942324015
10942324014
10942303011
10942303010
10942303009
10940645004
10940645002
10940643006
10940643005
10940643004
10940642014
10940642008
10940641012
10940641010
10942327017
10942345023
10942345019
10942345018
10942345017
10942345016
10942340005
10942340004
10942340003
10942339006
10942337004
10942336006
10942336005
10942336004
10942336003
10942333020
10942333019
10942333018
10942333017
10942333016
10942333015
10942333014
10942329016
10942329015
10942329014
10942329013
10942329012
10942329011
10942329010
10942327020
10942327019
10942327018
10940639005
10940161004
10940161003
10940161002
10940161001
10940160003
10940160001
10940159003
10940159002
10940159001
10940158001
10939972001
10939968001
10939966001
10939965001
10939955001
10939952001
10939948001
10939944001
10939709004
10939709003
10939709002
10939709001
10939640001
10939639001
10939638001
10939637001
10939560020
10940304001
10940639004
10940638006
10940638004
10940637004
10940637003
10940635004
10940635003
10940634001
10940633001
10940610021
10940610020
10940610019
10940610018
10940610017
10940610016
10940610014
10940606001
10940523005
10940523003
10940523002
10940523001
10940514006
10940508005
10940504006
10940504005
10940504003
10940501003
10940314004
10940314003
10942353016
10942948004
10942948003
10942948002
10942938005
10942938004
10942938003
10942938002
10942921004
10942921003
10942921002
10942921001
10942920003
10942920002
10942920001
10942906004
10942906003
10942906002
10942906001
10942899005
10942899004
10942899003
10942899002
10942948005
10943036001
10943033004
10943033002
10943031004
10943031003
10943031002
10943030004
10943030003
10943030002
10942990004
10942990003
10942990002
10942979003
10942979002
10942964005
10942964004
10942964003
10942964002
10942960005
10942960004
10942960003
10942960002
10942957005
10942957003
10942957002
10942896005
10942408014
10942408013
10942408012
10942408011
10942393018
10942393017
10942393016
10942393015
10942393014
10942368025
10942368020
10942368019
10942368018
10942368016
10942368015
10942364025
10942364023
10942364019
10942364018
10942364017
10942364015
10942354021
10942354019
10942354018
10942354017
10942354015
10942353023
10942353018
10942353017
10942408015
10942896004
10942896002
10942895005
10942895004
10942895003
10942895002
10942891004
10942891003
10942891002
10942888005
10942888004
10942888003
10942887005
10942887004
10942887003
10942887002
10942410018
10942410017
10942410016
10942410015
10942410014
10942410013
10942410012
10942409018
10942409017
10942409016
10942409015
10942409014
10942408018
10942408017
10942408016
10944126014
10944126015
10944126016
10944126013
10944126012
10944097011
10944097010
10944126017
10944126018
10944152017
10944097009
10944097008
10944097007
10944097006
10944088021
10944088020
10944088019
10944088018
10944088017
10944088016
10944088015
10944088014
10944083018
10944083017
10944083016
10944083015
10944152018
10944174023
10944174021
10944174020
10944174019
10944174018
10944174017
10944174016
10944174015
10944174014
10944171011
10944171010
10944171009
10944171008
10944171007
10944171006
10944170011
10944170010
10944170009
10944170008
10944170007
10944170006
10944155011
10944155010
10944155009
10944155008
10944155007
10944155006
10944152023
10944152021
10944152020
10944152019
10944083014
10943984003
10943984002
10943975004
10943975003
10943975001
10943968003
10943968002
10943968001
10943967003
10943967002
10943967001
10943952004
10943952003
10943952002
10943942004
10943942003
10943942002
10943939005
10943939004
10943939003
10943939002
10943984004
10944083013
10944083012
10944083011
10944077023
10944077021
10944077020
10944077019
10944077018
10944077017
10944077016
10944077015
10944063020
10944063019
10944063018
10944063017
10944063016
10944012004
10944012003
10944012002
10944012001
10944004005
10944004004
10944004003
10944004002
10943988003
10943988002
10943988001
10943984005
10944175014
10944232020
10944232019
10944232016
10944232015
10944232014
10944218009
10944218008
10944218007
10944211010
10944211009
10944211007
10944211006
10944209025
10944209023
10944209021
10944209005
10944209003
10944209001
10944207008
10944207006
10944203020
10944203019
10944203018
10944203016
10944203015
10944201020
10944201019
10944199018
10944233020
10944246018
10944246016
10944246015
10944246014
10944246013
10944246012
10944246011
10944243023
10944243021
10944243020
10944243019
10944243018
10944243017
10944243016
10944243015
10944242023
10944242021
10944242020
10944242019
10944242018
10944242017
10944242016
10944242015
10944239023
10944239020
10944239019
10944239018
10944237018
10944233021
10944199017
10944183015
10944183014
10944181021
10944181020
10944181019
10944181018
10944181017
10944181016
10944181015
10944178023
10944178021
10944178020
10944178019
10944178018
10944178017
10944178016
10944178015
10944177023
10944177021
10944177020
10944177019
10944177018
10944177017
10944177016
10944177015
10944175021
10944175020
10944175019
10944175018
10944175017
10944175015
10944183016
10944199016
10944199015
10944199014
10944199013
10944199012
10944199011
10944199010
10944191017
10944191015
10944191014
10944191011
10944186021
10944186020
10944186019
10944186018
10944186017
10944186016
10944186015
10944183021
10944183020
10944183019
10944183018
10944183017
10943652004
10943652003
10943652002
10943650005
10943650004
10943650003
10943650002
10943649005
10943649004
10943649003
10943649002
10943648005
10943648004
10943648003
10943648002
10943637005
10943637004
10943637003
10943637002
10943630005
10943630004
10943630003
10943630002
10943628004
10943628003
10943628002
10943652005
10943664005
10943664004
10943664003
10943664002
10943663005
10943663004
10943663003
10943663002
10943622003
10943549003
10943549002
10943548003
10943548002
10943547003
10943547002
10943537004
10943537003
10943537002
10943535004
10943535003
10943535002
10943534005
10943534004
10943534003
10943534002
10943533004
10943533003
10943533002
10943516004
10943516003
10943516002
10943606004
10943606003
10943606002
10943603005
10943603004
10943603003
10943603002
10943582004
10943582003
10943582002
10943582001
10943581004
10943581003
10943581002
10943581001
10943579004
10943579003
10943579001
10943835004
10943835003
10943835002
10943833004
10943833002
10943832005
10943832004
10943832003
10943824004
10943808001
10943803001
10943801001
10943799001
10943796001
10943759004
10943759002
10943759001
10943835005
10943902005
10943902004
10943872002
10943872001
10943860004
10943860003
10943860002
10943860001
10943858004
10943858003
10943858002
10943858001
10943849004
10943849001
10943847004
10943847002
10943847001
10943721001
10943713005
10943713002
10943702005
10943702003
10943702002
10943698005
10943698004
10943698003
10943698002
10943697004
10943697003
10943697002
10943694005
10943694004
10943694003
10943694002
10943681005
10943681004
10943681003
10943681002
10943721002
10943755005
10943755004
10943755003
10943755002
10943754005
10943754004
10943754003
10943754002
10943753005
10943753004
10943753003
10943753002
10943752005
10943752004
10943752003
10943752002
10943751005
10943751004
10943751003
10943751002
10943750005
10943750004
10943750003
10943750002
10943721004
10943721003
10900890006
10900890007
10900890008
10900890005
10900776011
10900776009
10900776003
10900890009
10900890010
10901151008
10901151009
10901151010
10901151011
10901151012
10901172007
10900774011
10900774007
10900774003
10900712016
10900712015
10900712014
10900712012
10900686009
10900686007
10900685007
10900562016
10900562015
10900562014
10900562013
10900562012
10900494012
10901172008
10901322004
10901322003
10901321003
10901225016
10901225015
10901203016
10901203015
10901203014
10901203013
10901203012
10901203011
10901203010
10901201010
10901201009
10901201008
10901201007
10901201006
10901201005
10901200008
10901200006
10901200005
10901199026
10901199024
10901199022
10901199020
10901177011
10901177010
10901177009
10901177008
10901177006
10901172009
10900494011
10900301022
10900294026
10900294022
10900294020
10900185010
10900095012
10900095011
10900095010
10900095009
10900095008
10900064011
10900064010
10900024012
10900024011
10900024010
10900024009
10900024008
10900024007
10900019011
10900019010
10900019009
10900019008
10900019006
10900019005
10899912020
10899909015
10899909014
10899909013
10899909012
10899909011
10899909010
10900306020
10900494010
10900494009
10900494008
10900494007
10900494006
10900484020
10900483011
10900462005
10900424007
10900424006
10900351012
10900351011
10900351010
10900351008
10900351007
10900351006
10900351005
10900345011
10900345009
10900345007
10900345005
10900345003
10900344012
10900344011
10900344010
10900344009
10900344007
10900344006
10900312024
10900312022
10900312020
10901335001
10902654004
10902604005
10902604004
10902573007
10902573004
10902572006
10902572005
10902572004
10902572003
10902520006
10902520005
10902520004
10902520003
10902519006
10902519005
10902519004
10902519003
10902481006
10902481003
10902385003
10902371004
10902355004
10902241003
10902239004
10902239003
10902236006
10902236005
10902236004
10902233001
10902205006
10902205005
10902654005
10906215004
10902992004
10902992003
10902992002
10902992001
10902991002
10902991001
10902850004
10902849004
10902820006
10902791007
10902791005
10902791004
10902783005
10902783004
10902782005
10902782004
10902772004
10902765005
10902765004
10902757004
10902742006
10902742005
10902730007
10902730006
10902728007
10902724005
10902678004
10902205004
10901634007
10901628004
10901628003
10901585004
10901585003
10901584005
10901584004
10901584003
10901563005
10901563004
10901563003
10901553003
10901553002
10901527005
10901527003
10901527002
10901473001
10901466004
10901466003
10901463005
10901463004
10901456005
10901456004
10901388006
10901388005
10901388004
10901381004
10901373003
10901373002
10901367004
10901367003
10901655004
10902205003
10902143005
10902127002
10902117005
10902117003
10902107003
10902076004
10901983001
10901957005
10901939006
10901939005
10901939004
10901894003
10901879004
10901879003
10901879002
10901872004
10901867005
10901867004
10901866005
10901866004
10901864005
10901838002
10901829007
10901773004
10901655006
10901655005
10899909009
10898649012
10898649011
10898649010
10898649009
10898649008
10898649007
10898649005
10898648014
10898626026
10898626023
10898599026
10898599024
10898599022
10898599020
10898599001
10898581005
10898580008
10898580007
10898580006
10898579005
10898567016
10898567015
10898567014
10898567013
10898567012
10898567011
10898566016
10898566015
10898566014
10898566013
10898566012
10898688004
10898945005
10898945004
10898945003
10898943004
10898881007
10898881005
10898881004
10898876003
10898872005
10898872004
10898872003
10898871005
10898871004
10898871003
10898837005
10898837004
10898837003
10898781005
10898781004
10898781003
10898779005
10898779004
10898779003
10898734006
10898726004
10898719001
10898708005
10898708004
10898708003
10898688005
10898566011
10883281004
10883273020
10883273019
10883273018
10883273017
10883273016
10883273015
10883273014
10883266019
10883266018
10883258020
10883258019
10883258018
10883253020
10883253019
10883253018
10883252020
10883252019
10883252018
10883252017
10883252016
10883252015
10883249006
10883249005
10883249004
10883248006
10883248005
10883248004
10883247005
10883247004
10883242004
10883281006
10898566010
10898273016
10898273015
10898273014
10898273013
10898273012
10898273011
10898273010
10898273009
10898263015
10898263014
10898257011
10898257010
10898257009
10898257008
10898257007
10898255015
10898255014
10898190016
10898190015
10898190014
10898190013
10898190012
10898190011
10898190010
10898190009
10898190008
10898190007
10898190006
10898190005
10898190004
10899069004
10899551011
10899501016
10899501015
10899501014
10899501013
10899501012
10899501011
10899501010
10899496013
10899496012
10899496011
10899496010
10899496009
10899496008
10899496005
10899495016
10899495015
10899495014
10899428006
10899369015
10899369013
10899357012
10899357011
10899357010
10899357009
10899357008
10899357007
10899551012
10899909008
10899909007
10899909006
10899909005
10899909004
10899758022
10899758020
10899659013
10899659011
10899659009
10899659007
10899657014
10899657013
10899657012
10899654012
10899632011
10899608005
10899567015
10899567014
10899567013
10899566013
10899553016
10899553015
10899553014
10899553013
10899553012
10899553011
10899551016
10899551015
10899551014
10899551013
10899357005
10899268006
10899268005
10899268004
10899246006
10899246005
10899246004
10899246003
10899241007
10899195005
10899195004
10899115004
10899115003
10899115002
10899110004
10899104006
10899104005
10899104004
10899103006
10899103005
10899103004
10899070007
10899070006
10899070005
10899070004
10899069007
10899069006
10899069005
10899269004
10899335001
10899332005
10899332003
10899328007
10899328006
10899328005
10899328004
10899316007
10899316004
10899315006
10899315005
10899315004
10899314007
10899314006
10899314005
10899314004
10899309005
10899309004
10899309003
10899288005
10899288004
10899288003
10899284007
10899284005
10899284004
10899269007
10899269006
10899269005
10907331025
10907344018
10907331023
10907331021
10907328017
10907356010
10907356011
10907356012
10907356013
10907356014
10907356015
10907356016
10907409014
10907328016
10907328015
10907328014
10907328013
10907328012
10907328011
10907328010
10907327016
10907327015
10907327014
10907327013
10907327012
10907327011
10907327010
10907409015
10907475013
10907475012
10907462011
10907462010
10907462009
10907462008
10907462007
10907462006
10907453021
10907453020
10907453019
10907412008
10907412007
10907412006
10907410021
10907410020
10907410019
10907410018
10907410017
10907410016
10907410014
10907409023
10907409021
10907409020
10907409019
10907409018
10907409017
10907409016
10907321017
10907293019
10907293016
10907252017
10907252016
10907252015
10907252014
10907252013
10907252012
10907252010
10907251016
10907251015
10907251014
10907251013
10907251012
10907251010
10907247021
10907247020
10907247019
10907247018
10907247017
10907247016
10907247015
10907247014
10907245021
10907245020
10907245019
10907245018
10907245017
10907245014
10907321015
10907321014
10907321013
10907321012
10907321010
10907314018
10907314017
10907314016
10907314015
10907314014
10907314013
10907314012
10907314011
10907309020
10907309019
10907309018
10907309017
10907309015
10907308019
10907308017
10907296017
10907295023
10907295020
10907295019
10907295018
10907295017
10907295015
10907294021
10907294020
10907294019
10907294017
10907475014
10908920009
10908870001
10908853021
10908853017
10908853015
10908853014
10908842002
10908840003
10908839006
10908838005
10908834006
10908834004
10908834003
10908833006
10908833005
10908833004
10908833003
10908741002
10908613003
10908585001
10908584001
10908583001
10908581001
10908580001
10908567005
10908567004
10908565005
10907926001
10907925001
10907920001
10908920011
10908978019
10908978017
10908978015
10908977023
10908977021
10908977019
10908977017
10908977015
10908977013
10908976023
10908976021
10908976019
10908976017
10908976015
10908976013
10908922019
10908922017
10908922015
10908922013
10908922011
10908922009
10908921019
10908921017
10908921015
10908921013
10908921011
10908921009
10908920019
10908920017
10908920015
10908920013
10907901006
10907683005
10907683004
10907681004
10907681003
10907681002
10907680005
10907680004
10907680003
10907679004
10907679002
10907677004
10907677003
10907674006
10907674005
10907674004
10907674003
10907672006
10907602004
10907602003
10907602002
10907602001
10907601004
10907601003
10907601002
10907601001
10907478019
10907478018
10907478017
10907475017
10907475015
10907684002
10907901005
10907901004
10907901003
10907735005
10907735004
10907735003
10907720001
10907716005
10907716004
10907716003
10907715005
10907715004
10907715003
10907708006
10907708005
10907708004
10907708003
10907706001
10907705001
10907704001
10907703001
10907701005
10907701004
10907701003
10907689006
10907689005
10907689004
10907689003
10907684005
10907684004
10907684003
10907234023
10906682001
10906681004
10906681003
10906681001
10906671004
10906671003
10906671002
10906670004
10906670002
10906670001
10906665004
10906665003
10906665002
10906665001
10906664004
10906664003
10906664002
10906664001
10906624005
10906624004
10906624003
10906624002
10906608004
10906608003
10906608002
10906608001
10906593001
10906570004
10906570002
10906570001
10906682003
10906745004
10906745003
10906745002
10906739004
10906739003
10906739002
10906730004
10906730003
10906729004
10906722005
10906722004
10906722002
10906699002
10906699001
10906694002
10906690003
10906690002
10906690001
10906687004
10906687001
10906685003
10906685002
10906685001
10906684003
10906684002
10906684001
10906414003
10906414002
10906382004
10906382003
10906382002
10906354001
10906320004
10906320003
10906320002
10906290003
10906290002
10906289004
10906289003
10906289002
10906263003
10906263002
10906244004
10906232005
10906232004
10906232003
10906225004
10906225001
10906221004
10906221003
10906221002
10906221001
10906414004
10906560005
10906560004
10906560002
10906538003
10906538002
10906523001
10906522001
10906521001
10906506004
10906506003
10906506002
10906505005
10906505004
10906471003
10906471002
10906471001
10906450004
10906450003
10906450002
10906445004
10906445003
10906445001
10906434005
10906434004
10906434003
10906434002
10906415004
10906415003
10906415002
10907182002
10907182001
10907172003
10907161004
10907161003
10907161002
10907161001
10907147002
10907147001
10907105003
10907105002
10907105001
10907088001
10907085004
10907085003
10907085002
10907085001
10907074005
10907074004
10907074003
10907074002
10907041004
10907041002
10907041001
10907035004
10907035002
10907001005
10907001004
10907001003
10907001002
10907182003
10907234020
10907234019
10907234018
10907234017
10907234016
10907234015
10907230017
10907230016
10907230015
10907230014
10907230013
10907230012
10907213004
10907213003
10907213002
10907213001
10907207003
10907207002
10907207001
10907182004
10907000003
10906887002
10906868005
10906868004
10906868003
10906862005
10906862004
10906862003
10906862002
10906832002
10906819004
10906819002
10906799004
10906799003
10906783004
10906783003
10906783002
10906780003
10906779004
10906779002
10906779001
10906758003
10906758002
10906752003
10906752002
10906887003
10906971005
10906971004
10906971003
10906964005
10906964004
10906964003
10906964002
10906948003
10906948002
10906940004
10906940003
10906940002
10906940001
10906939004
10906939003
10906939002
10906939001
10906921004
10906921003
10906917004
10906917003
10906917002
10906910005
10906910004
10906910002
10906890005
10906890004
10906890003
10906887005
10906887004
10883239007
10866867006
10866867007
10866867008
10866866011
10866866010
10866865011
10866867009
10866867010
10866867011
10866868007
10866868008
10866868009
10866868010
10866868011
10866865008
10866865007
10866863016
10866863015
10866863014
10866860024
10866860022
10866860020
10866860003
10866860001
10866908002
10866899016
10866899015
10866899014
10866899013
10866889005
10866889004
10866889003
10866888005
10866888004
10866888003
10866888002
10866887005
10866887003
10866882001
10866879011
10866879009
10866871024
10866871022
10866812006
10866806011
10866806010
10866806009
10866806008
10866806007
10866806006
10866788024
10866788022
10866788020
10866788003
10866788001
10866777001
10865785001
10865433002
10866812008
10866857011
10866857010
10866857009
10866857008
10866857007
10866857006
10866852011
10866852010
10866852009
10866852008
10866852007
10866852006
10866852005
10866852003
10866852001
10866839005
10866839004
10866839003
10866819015
10866819014
10866818015
10866818014
10866908003
10867104006
10867104004
10867104003
10867100006
10867100005
10867100004
10867097006
10867097005
10867097004
10867097003
10867097002
10867096006
10867096005
10867096004
10867096003
10867096002
10867095005
10867095004
10867095003
10867095002
10867091005
10867091004
10867091003
10867091002
10866995008
10866995007
10866995006
10866975004
10867109003
10867677006
10867677005
10867677004
10867677003
10867676006
10867676005
10867676004
10867676003
10867675006
10867675005
10867675004
10867673006
10867673005
10867673004
10867673003
10867672006
10867672005
10867672004
10867672003
10867663004
10867663003
10867659004
10867603001
10867158007
10867158006
10867158005
10867158004
10867158003
10867154001
10867109006
10867109004
10866975003
10866953004
10866953003
10866947001
10866946001
10866945024
10866945022
10866944024
10866943022
10866943001
10866940011
10866940010
10866940009
10866940008
10866940007
10866940006
10866931011
10866931010
10866931009
10866931008
10866931007
10866927011
10866927007
10866910011
10866910010
10866910007
10866910006
10866908004
10866959002
10866972004
10866972003
10866972002
10866971004
10866971003
10866971002
10866970004
10866970003
10866968004
10866968003
10866968002
10866967003
10866963005
10866963004
10866963003
10866963002
10866962005
10866962004
10866962003
10866962002
10866960004
10866960003
10866960002
10866959005
10866959004
10866959003
10864984021
10864984020
10864984018
10864971019
10864939004
10864939003
10864939002
10864939001
10865006015
10865006014
10865006013
10864860001
10864858004
10864858003
10864858002
10864858001
10864857004
10864857003
10864857002
10864857001
10864851015
10864851013
10864835005
10864860002
10864927017
10864927015
10864927011
10864927009
10864918004
10864918003
10864918002
10864917002
10864908023
10864897004
10864896005
10864875004
10864875003
10864875002
10864873005
10864873004
10864869005
10864868005
10864860004
10864860003
10865288005
10865288003
10865287003
10865248004
10865244005
10865244004
10865244003
10865244002
10865207005
10865206005
10865387005
10865387004
10865387003
10865387002
10865381004
10865341003
10865341002
10865328013
10865314003
10865314002
10865293005
10865293004
10865293003
10865293002
10865123003
10865119004
10865119003
10865119002
10865118004
10865118003
10865118002
10865105004
10865105003
10865105002
10865105001
10865084002
10865079005
10865074005
10865124002
10865205004
10865190005
10865190004
10865190003
10865190002
10865145003
10865145002
10865143005
10865143004
10865143003
10865142004
10865134005
10865134004
10865125003
10865125002
10865124003
10875486006
10875487003
10875487004
10875486005
10875486004
10875487005
10875487006
10875488003
10875488004
10875488005
10875489003
10875489004
10875489005
10875489006
10875667004
10875667003
10875664003
10875664002
10875663004
10875663003
10875663002
10875663001
10875661003
10875661002
10875652001
10875646001
10875644002
10875643002
10875639005
10875639004
10875639003
10875639002
10875638005
10875638004
10875638003
10875638002
10875636004
10875636003
10875636002
10875636001
10875633001
10875629001
10875505006
10875505005
10875505003
10875176015
10875176014
10875176013
10875176012
10875176010
10875060020
10875245006
10877562015
10877945007
10877945006
10877945005
10877945004
10877786005
10877786004
10877786003
10877786002
10877785005
10877785004
10877785003
10877785002
10877784005
10877784004
10877784003
10877784002
10877783005
10877783004
10877783003
10877783002
10877782005
10877782004
10877782003
10877781005
10877781004
10877952004
10883239006
10883239005
10878189006
10878189005
10878189004
10878189003
10878187004
10878185004
10877988020
10877988018
10877986020
10877974016
10877974012
10877974011
10877974010
10877974009
10877973012
10877973011
10877973010
10877973009
10877969005
10877969004
10877957005
10877957004
10877956006
10877956005
10877956004
10877952006
10877952005
10877781003
10877719008
10877718018
10877608003
10877607005
10877607004
10877603003
10877602006
10877602003
10877601005
10877601004
10877601003
10877599003
10877598003
10877594004
10877593006
10877593005
10877593004
10877593003
10877591005
10877591004
10877591003
10877586006
10877586005
10877586003
10877585006
10877585004
10877584005
10877584004
10877584003
10877562019
10877562017
10877719009
10877781002
10877780005
10877780004
10877780003
10877780002
10877780001
10877778005
10877778004
10877778003
10877778002
10877777004
10877777003
10877776004
10877776003
10877776002
10877775004
10877775003
10877775002
10877775001
10877769001
10877767001
10877764001
10877729003
10877728006
10877728004
10877728003
10877727005
10877725021
10877723014
10877723013
10877719012
10867701006
10867701005
10867701004
10867701003
10867700006
10867700005
10867700004
10867700003
10867699006
10867699005
10867699004
10867699003
10867698006
10867698005
10867698004
10867698003
10867697006
10867697005
10867697004
10867697003
10867696006
10867696005
10867696004
10867696003
10867695006
10867695005
10867695004
10867695003
10867694006
10867694005
10867694004
10867702003
10868547017
10868534015
10868530015
10868501005
10868498004
10868304005
10868304004
10868304003
10868304002
10868286007
10868286006
10868286005
10868286004
10868286003
10868205005
10868203005
10868203004
10868203002
10868200001
10868161003
10868161002
10867996001
10867703006
10867703005
10867703004
10867703003
10867702006
10867702005
10867702004
10867694003
10867685006
10867685005
10867685004
10867685003
10867684006
10867684005
10867684004
10867684003
10867683006
10867683005
10867683004
10867683003
10867682006
10867682005
10867682004
10867682003
10867681005
10867681004
10867681003
10867680006
10867680005
10867680004
10867680003
10867679006
10867679005
10867679004
10867679003
10867678006
10867678005
10867678004
10867678003
10867686003
10867693006
10867693005
10867693004
10867693003
10867692006
10867692005
10867692004
10867692003
10867691006
10867691005
10867691004
10867691003
10867690006
10867690005
10867690004
10867690003
10867689006
10867689005
10867689004
10867689003
10867688006
10867688005
10867688004
10867688003
10867687006
10867687005
10867687004
10867687003
10867686006
10867686005
10867686004
10868547020
10873250001
10873249001
10873170006
10873170005
10873170004
10873169006
10873168003
10873167004
10873167003
10873166004
10873166003
10873164005
10873164003
10873148011
10873085001
10873084001
10873083005
10873082005
10873055006
10873055005
10873055004
10873055003
10873054006
10873054005
10873054004
10873053006
10872825007
10873251001
10875049017
10875049016
10875049015
10875049014
10873705003
10873684009
10873647002
10873357001
10873356001
10873260001
10873259001
10873258001
10873254002
10873254001
10872702003
10868765004
10868765003
10868765002
10868763005
10868763004
10868763003
10868763002
10868762006
10868762005
10868762004
10868762003
10868762002
10868761005
10868761004
10868761003
10868759007
10868759006
10868759005
10868759004
10868759003
10868759002
10868744005
10868744004
10868743005
10868743004
10868743003
10868736008
10868736007
10868736004
10868736003
10868547021
10868765006
10872702002
10872697001
10872695005
10872695004
10872628005
10872628004
10872628003
10872600004
10872600002
10872600001
10872562004
10872562003
10872561004
10872551003
10872551002
10872551001
10872319001
10869129008
10869129007
10869129005
10869129004
10868766006
10868766005
10868766004
10868766003
10868766002
10868765007
10908978021
10919043002
10919043003
10919043004
10919042005
10919042004
10919042003
10919042002
10919043005
10919044002
10919044003
10919044004
10919044005
10919045002
10919045003
10919045004
10919041005
10919041004
10919041003
10919041002
10919040005
10919040004
10919040003
10919040002
10919039005
10919039004
10919039003
10919039002
10919038005
10919038004
10919038003
10919038002
10919045005
10919057005
10919057004
10919057003
10919057002
10919056005
10919056004
10919056003
10919056002
10919055005
10919055004
10919055003
10919055002
10919054005
10919054004
10919054003
10919054002
10919053005
10919053004
10919053003
10919053002
10919051005
10919051004
10919051003
10919051002
10919050005
10919050003
10919050002
10919046005
10919046004
10919046003
10919046002
10919037005
10919029003
10919029002
10919028005
10919028004
10919028003
10919028002
10919027005
10919027004
10919027003
10919027002
10919026005
10919026004
10919026003
10919026002
10919025005
10919025004
10919025003
10919025002
10919024005
10919024004
10919024003
10919024002
10919023005
10919023004
10919023003
10919023002
10919022005
10919022004
10919022003
10919022002
10918919006
10919029004
10919037004
10919037003
10919037002
10919036005
10919036004
10919036003
10919036002
10919035005
10919035004
10919035003
10919035002
10919034005
10919034004
10919034003
10919034002
10919033005
10919033004
10919033003
10919033002
10919032005
10919032004
10919032003
10919032002
10919031005
10919031004
10919031003
10919031002
10919030004
10919030003
10919030002
10919029005
10919059002
10919409006
10919409005
10919409004
10919409003
10919408006
10919408005
10919408004
10919408003
10919408002
10919407006
10919407005
10919407004
10919407003
10919372006
10919372005
10919372004
10919372002
10919371005
10919368006
10919368005
10919368004
10919368003
10919410002
10919453005
10919453003
10919424006
10919424005
10919424004
10919424003
10919424002
10919423006
10919423005
10919423004
10919423003
10919423002
10919422004
10919422003
10919417006
10919417005
10919417004
10919417003
10919417002
10919413006
10919413004
10919413003
10919413002
10919410006
10919410005
10919410003
10919368002
10919066005
10919066004
10919066003
10919066002
10919065005
10919065004
10919065003
10919065002
10919064005
10919064004
10919064003
10919064002
10919063005
10919063004
10919063003
10919063002
10919062005
10919062004
10919062003
10919062002
10919061005
10919061004
10919061003
10919061002
10919060005
10919060004
10919060003
10919060002
10919059005
10919059004
10919059003
10919067002
10919367006
10919367005
10919367004
10919367003
10919367002
10919366006
10919366005
10919366004
10919366003
10919366002
10919358006
10919358005
10919358004
10919358003
10919358002
10919357006
10919357005
10919357004
10919357003
10919357002
10919354005
10919083024
10919082024
10919082017
10919081025
10919081024
10919081012
10919081011
10919067005
10919067004
10919067003
10918919005
10918818004
10918818003
10918817006
10918817005
10918817004
10918817003
10918816006
10918816005
10918816004
10918816003
10918811006
10918811005
10918811004
10918811003
10918792004
10918792003
10918783006
10918783005
10918783004
10918783003
10918782006
10918782005
10918782004
10918782003
10918777003
10918776005
10918776003
10918769006
10918769005
10918769004
10918769003
10918818005
10918855001
10918845006
10918845005
10918845004
10918845003
10918844006
10918844005
10918844004
10918835003
10918833006
10918833005
10918833004
10918833003
10918832005
10918832004
10918831006
10918831005
10918831004
10918831003
10918822006
10918822005
10918822004
10918822003
10918821006
10918821005
10918821004
10918821003
10918819006
10918819005
10918819004
10918818006
10918768006
10918755003
10918755002
10918754005
10918754004
10918754003
10918754002
10918752006
10918752005
10918740006
10918740005
10918740004
10918740003
10918739006
10918739004
10918737005
10918737004
10918737003
10918737002
10918736006
10918736005
10918736004
10918735007
10918735006
10918735005
10918735004
10918735003
10918735002
10918734001
10918498002
10918449004
10918755004
10918768005
10918768004
10918768003
10918766006
10918766005
10918766004
10918766003
10918764006
10918764005
10918764004
10918764003
10918763006
10918763005
10918763003
10918762006
10918762005
10918762003
10918759005
10918759004
10918759003
10918758005
10918758004
10918758002
10918756006
10918756005
10918756004
10918756003
10918756002
10918755007
10918755006
10918755005
10918857002
10918899006
10918899005
10918899004
10918899003
10918899002
10918897003
10918896006
10918896005
10918896004
10918896003
10918895006
10918895005
10918895004
10918895003
10918892006
10918892005
10918892004
10918892003
10918891006
10918891005
10918891004
10918891003
10918890006
10918890005
10918890004
10918890003
10918889006
10918889005
10918889004
10918889003
10918888006
10918899007
10918919004
10918919003
10918917005
10918916005
10918916004
10918916003
10918915004
10918915003
10918914004
10918914003
10918914002
10918911006
10918911003
10918910004
10918910003
10918910002
10918904006
10918904005
10918904004
10918904003
10918903005
10918903003
10918902006
10918902005
10918901005
10918901004
10918901003
10918901002
10918900005
10918900004
10918899008
10918888005
10918877006
10918877005
10918877004
10918877003
10918876008
10918876007
10918876006
10918876005
10918876004
10918876003
10918876002
10918873006
10918873005
10918873004
10918871008
10918871007
10918871006
10918871005
10918871004
10918871003
10918871002
10918865006
10918865005
10918865004
10918865003
10918857008
10918857007
10918857006
10918857005
10918857004
10918857003
10918877007
10918888004
10918888003
10918887008
10918887007
10918887006
10918887005
10918887004
10918887003
10918887002
10918886008
10918886007
10918886006
10918886005
10918886004
10918886003
10918886002
10918885006
10918885005
10918885003
10918883008
10918883007
10918883006
10918883005
10918883004
10918883003
10918883002
10918881004
10918881003
10918880005
10918880004
10918877008
10922336010
10922337004
10922337005
10922336008
10922336007
10922336006
10922336005
10922337006
10922337007
10922337008
10922337009
10922337010
10922393004
10922393005
10922393006
10922334020
10922334019
10922334017
10922334016
10922334015
10922334014
10922332018
10922332017
10922332016
10922332014
10922315021
10922315018
10922315017
10922315016
10922315015
10922315014
10922393007
10922506015
10922506014
10922493025
10922493009
10922493008
10922493007
10922493002
10922493001
10922491007
10922491005
10922491003
10922491002
10922421020
10922421019
10922421018
10922421017
10922421016
10922421015
10922421014
10922416009
10922416007
10922416006
10922416005
10922415010
10922415009
10922415007
10922415006
10922415005
10922393009
10922393008
10922284019
10922284018
10922284017
10922284016
10922284015
10922284014
10922274006
10922274005
10922274004
10922274003
10922274002
10922274001
10922265018
10922265017
10922265016
10922265015
10922232007
10922232005
10922232003
10922232002
10922191021
10922191020
10922191019
10922191018
10922191017
10922191016
10922191014
10922190021
10922190020
10922190019
10922190018
10922284020
10922291006
10922291005
10922291004
10922291003
10922291002
10922291001
10922289007
10922289006
10922289005
10922289004
10922289003
10922289002
10922289001
10922288019
10922288018
10922288017
10922288016
10922288015
10922288014
10922287020
10922287019
10922287018
10922287017
10922287016
10922287015
10922285020
10922285019
10922285018
10922285017
10922285016
10922285015
10922506016
10923696005
10923453016
10923453015
10923453014
10923453013
10923453012
10923453011
10923453010
10923441018
10923275002
10923238006
10923238005
10923238004
10923238003
10923095006
10923095005
10923095003
10923086006
10923086005
10923086004
10923086003
10923084006
10923084004
10923083005
10923083004
10923083003
10923082006
10923082005
10923082004
10923082003
10923072006
10924604005
10924604004
10924604003
10924604002
10924602006
10924602005
10924602004
10924602003
10923072005
10922655003
10922654006
10922654005
10922654004
10922654003
10922647005
10922647003
10922647002
10922632006
10922632005
10922632004
10922632003
10922627012
10922627009
10922627008
10922627007
10922627004
10922627001
10922523010
10922523009
10922523008
10922523004
10922520020
10922520019
10922520018
10922520017
10922506020
10922506019
10922506018
10922506017
10922655004
10923072003
10923068006
10922892005
10922882006
10922882005
10922882004
10922882003
10922741006
10922741005
10922741004
10922741003
10922736005
10922736004
10922736003
10922736002
10922735005
10922735004
10922735002
10922726006
10922726005
10922726004
10922726003
10922713004
10922713003
10922711006
10922711005
10922660004
10922660003
10922660002
10922655006
10922655005
10922190017
10919880003
10919879005
10919879004
10919879003
10919879002
10919865013
10919865011
10919865009
10919853018
10919853017
10919617014
10919589003
10919589001
10919585003
10919585002
10919584003
10919584002
10919571003
10919571002
10919571001
10919880006
10919953003
10919952008
10919952007
10919952006
10919952005
10919952004
10919952003
10919951008
10919951007
10919951006
10919951005
10919951004
10919951003
10919913004
10919913003
10919912006
10919912005
10919911003
10919908015
10919908010
10919907014
10919905020
10919896030
10919888006
10919886006
10919886005
10919886004
10919886003
10919882004
10919882003
10919882002
10919566004
10919480004
10919480003
10919480002
10919480001
10919479004
10919479003
10919479002
10919479001
10919477004
10919477003
10919477002
10919477001
10919474004
10919474003
10919474002
10919474001
10919470003
10919470002
10919470001
10919459005
10919459003
10919458007
10919458005
10919458004
10919458003
10919455006
10919455003
10919566003
10919566002
10919566001
10919561004
10919561003
10919561002
10919561001
10919560004
10919560003
10919560002
10919560001
10919559004
10919559003
10919559002
10919559001
10919544004
10919544003
10919544002
10919544001
10919536004
10919536003
10919536002
10919513001
10919953004
10922110016
10922110015
10922109017
10922109015
10922107021
10922107018
10922107017
10922107016
10922103018
10922103017
10922103015
10922103014
10922101010
10922101008
10922101007
10922101005
10922101003
10922094018
10922094017
10922093020
10922093019
10922093018
10922093017
10922093016
10922093015
10922082017
10922079021
10922079020
10922079019
10922079018
10922079017
10922110017
10922190016
10922190015
10922190014
10922122007
10922122005
10922122003
10922121020
10922121019
10922121018
10922121017
10922121016
10922120021
10922120020
10922120019
10922120018
10922120017
10922120016
10922120015
10922120014
10922115010
10922115008
10922115007
10922115005
10922115003
10922113020
10922113018
10922113017
10922110021
10922110020
10922110019
10922110018
10922079016
10921726001
10920134005
10920101001
10920098001
10920096001
10919959001
10919957001
10919956008
10919956007
10919956006
10919956005
10919956004
10919956003
10919955008
10919955007
10919955006
10919955005
10919955004
10919955003
10919954008
10919954007
10919954006
10919954005
10919954004
10919954003
10919954002
10919953008
10919953007
10919953006
10919953005
10921856004
10922078021
10922078018
10922078017
10922078016
10922078015
10922078014
10922071007
10922071005
10922071003
10922047001
10922019001
10922018001
10921960001
10921959001
10921944003
10921907001
10921904001
10921900001
10921889001
10921869001
10921862007
10921862006
10921862005
10921857005
10921857004
10921856005
10918391006
10911194004
10911194003
10911183005
10911183002
10911182005
10911182004
10911182003
10911182002
10911181005
10911181004
10911181003
10911181002
10911261016
10911261015
10911261013
10911260016
10911260013
10911257019
10911257018
10911257017
10911257016
10911257015
10911257013
10911223008
10911223007
10911087004
10911087002
10911086005
10911086002
10911084005
10911084004
10911084003
10911084002
10911075005
10911172014
10911172013
10911167005
10911167004
10911167003
10911151024
10911151022
10911151020
10911151005
10911151003
10911151001
10911141004
10911141003
10911137005
10911137004
10911137003
10911137002
10911117005
10911117002
10911108005
10911261018
10911423011
10911423010
10911423009
10911423008
10911423007
10911411004
10911356004
10911356003
10911445005
10911445004
10911445003
10911445002
10911433020
10911433018
10911433017
10911433016
10911431017
10911431016
10911430017
10911430016
10911429018
10911429017
10911428011
10911428010
10911428009
10911428008
10911428007
10911428006
10911428005
10911428003
10911428001
10911351001
10911280014
10911280013
10911280012
10911280011
10911278019
10911278018
10911278017
10911278015
10911276020
10911276019
10911276018
10911276017
10911276016
10911276015
10911273015
10911280015
10911327024
10911327001
10911324011
10911324010
10911324009
10911324008
10911324007
10911324006
10911323008
10911304005
10911284016
10911284014
10911284013
10911284012
10911284011
10911284010
10911281015
10911281014
10911281013
10911281012
10911281011
10911281010
10911280018
10911280017
10911280016
10910648019
10910648018
10910648017
10910648016
10910648015
10910648014
10910648013
10909475006
10909475005
10909475004
10909473006
10909473005
10909473004
10909473003
10909457006
10909457005
10909456005
10909456004
10909456003
10909456002
10909451006
10909449006
10909449003
10909447006
10909446011
10909446009
10909446008
10909446007
10910781004
10910781003
10910781002
10910781001
10910757015
10910752001
10910707002
10910686004
10910686003
10910686002
10909444021
10909103008
10909103006
10909103004
10909103002
10909102006
10909102005
10909102004
10909097011
10909097010
10909097009
10909097008
10909097007
10909097006
10909097005
10909097003
10909097001
10909104004
10909444020
10909444017
10909443010
10909442012
10909442010
10909442009
10909264002
10909264001
10909263002
10909263001
10909245001
10909105008
10909105007
10909105005
10909104008
10909104006
10910936004
10910934004
10910934002
10910932021
10910932020
10910932019
10910932018
10910932017
10910932016
10910932015
10910932014
10910932013
10911037021
10911037020
10911037019
10911037018
10911031023
10911029014
10911029013
10911009016
10911009015
10911009013
10910990001
10910986014
10910985013
10910982019
10910820002
10910796014
10910796013
10910785011
10910892016
10910892015
10910892013
10910892012
10910858007
10910846011
10910843011
10910843010
10910843009
10910843008
10910843007
10913600003
10913608001
10913608002
10913600002
10913600001
10913596002
10913596001
10913608004
10913613001
10913619001
10913619002
10913619003
10913619004
10913620001
10913626002
10913592003
10913592002
10913592001
10913591001
10913587002
10913587001
10913586002
10913586001
10913454013
10913454011
10913454009
10913454007
10913453013
10913453011
10913453009
10913626004
10913981008
10913981006
10913981005
10913981002
10913949019
10913949017
10913949016
10913949014
10913676005
10913676004
10913676003
10913676002
10913676001
10913675004
10913675003
10913675002
10913675001
10913666001
10913662004
10913662003
10913662002
10913662001
10913660001
10913659003
10913659002
10913659001
10913653006
10913653005
10913453007
10913446020
10913446019
10913446018
10913446017
10913446016
10913445017
10913445015
10913444020
10913444017
10913444015
10913444014
10913443006
10913443005
10913443004
10913443003
10913442006
10913442005
10913442004
10913442003
10913440005
10913440004
10913440003
10913440002
10913439006
10913439005
10913438006
10913435013
10913435011
10913435009
10913435007
10913430020
10913447014
10913452016
10913452015
10913452014
10913452013
10913452012
10913452011
10913452010
10913451021
10913451020
10913451019
10913451018
10913451017
10913451015
10913451014
10913450021
10913450019
10913450018
10913450017
10913450016
10913450015
10913449016
10913449015
10913449014
10913449013
10913449011
10913448014
10913448013
10913448012
10913448011
10913447019
10913447017
10913981010
10917181001
10917180001
10917090006
10917090005
10917090004
10917090003
10917089006
10917089005
10917089003
10917085015
10917082008
10917080007
10917080005
10917080004
10917078004
10917076002
10917075003
10917075002
10917071003
10917070006
10917070005
10917070004
10917070003
10917069006
10917069005
10917069004
10917069003
10917068006
10917068004
10917068003
10917063025
10917425001
10918368005
10918368004
10918368003
10918368002
10918366005
10918366002
10918363003
10918359013
10918359012
10918359011
10918359010
10918357021
10918357020
10918357019
10918357014
10917804010
10917804009
10917804007
10917804005
10917804003
10917804001
10917791005
10917785006
10917785005
10917785004
10917785003
10917782005
10917781005
10917781003
10917063024
10914478006
10914478004
10914478003
10914476003
10914474005
10914474004
10914474003
10914473006
10914473005
10914081014
10914079021
10914079018
10913983026
10913983023
10913983020
10913983010
10913983008
10913983006
10913983005
10913982026
10913982023
10913982021
10913982020
10913982010
10913982008
10913982006
10913982005
10913982002
10913981026
10913981023
10913981020
10915152015
10917063023
10917063021
10917063005
10917063003
10917062025
10917062024
10917062023
10917062021
10917055010
10917055009
10917055008
10917055007
10917054008
10917046001
10917045001
10916942006
10916942005
10916942004
10916942003
10916650016
10916650015
10916543012
10916543011
10916543010
10916543009
10916543008
10916543007
10916400016
10916380001
10915152018
10913430019
10911552004
10911552003
10911552002
10911545008
10911545007
10911643003
10911622013
10911588016
10911588015
10911588014
10911588013
10911588012
10911583018
10911572005
10911572002
10911472004
10911497019
10911497018
10911497017
10911497016
10911497015
10911497014
10911495005
10911495004
10912409006
10912408007
10912408006
10912407007
10912405005
10912405003
10912403006
10912403005
10912403004
10912403003
10912400006
10912106002
10912096001
10912095001
10911809002
10911808005
10911808004
10911808003
10911808002
10911778011
10911778010
10911778009
10911778008
10911778007
10911778006
10911767018
10912410006
10913430018
10913430017
10913430016
10913430015
10913430014
10913429021
10913429019
10913429018
10913429017
10913429016
10913429014
10913428020
10913428019
10913428018
10913428017
10913428015
10913427021
10913427020
10913427019
10913427018
10913427017
10913427016
10913427015
10913427014
10913426018
10913426017
10913426016
10913426015
10913426014
10912412007
10912412005
10911767017
10911683002
10911680003
10911675007
10911675006
10911675005
10911675004
10911674010
10911674009
10911674008
10911666005
10911666004
10911666003
10911666002
10911767016
10911767015
10911719004
10911713005
10911713004
